{"stats":{"minecraft:dropped":{"farmersdelight:tomato_seeds":1,"minecraft:allium":1,"minecraft:stone_pickaxe":3,"minecraft:wooden_pickaxe":2},"minecraft:used":{"minecraft:stone_pickaxe":108,"minecraft:wooden_pickaxe":28,"minecraft:dirt":20,"minecraft:spyglass":4,"minecraft:crafting_table":4,"minecraft:carrot":7,"minecraft:granite":6,"minecraft:wooden_axe":29,"minecraft:apple":2,"minecraft:wooden_sword":8,"minecraft:cobblestone":29,"minecraft:furnace":1},"minecraft:picked_up":{"minecraft:wooden_axe":1,"minecraft:crafting_table":2,"minecraft:iron_chestplate":1,"minecraft:allium":1,"minecraft:andesite":2,"minecraft:wooden_pickaxe":2,"biomesoplenty:fir_log":22,"minecraft:oak_log":6,"minecraft:dirt":31,"minecraft:raw_copper":18,"minecraft:iron_leggings":1,"minecraft:bone":1,"minecraft:apple":2,"minecraft:stone_pickaxe":2,"minecraft:birch_sapling":3,"minecraft:iron_boots":1,"minecraft:stick":4,"minecraft:spyglass":1,"minecraft:gravel":3,"farmersdelight:tomato_seeds":3,"minecraft:ink_sac":1,"minecraft:diorite":4,"mekanism:raw_tin":10,"minecraft:arrow":2,"minecraft:rotten_flesh":2,"evilcraft:dark_gem":8,"minecraft:iron_helmet":1,"minecraft:granite":6,"minecraft:oak_sapling":1,"minecraft:coal":12,"minecraft:cobblestone":74},"minecraft:killed":{"minecraft:zombie":2},"minecraft:mined":{"minecraft:crafting_table":2,"minecraft:grass_block":19,"mekanism:tin_ore":10,"minecraft:copper_ore":5,"farmersdelight:wild_tomatoes":2,"minecraft:diorite":4,"minecraft:birch_leaves":16,"minecraft:andesite":4,"evilcraft:dark_ore":2,"biomesoplenty:fir_log":22,"minecraft:grass":3,"minecraft:coal_ore":20,"minecraft:oak_log":6,"biomesoplenty:webbing":3,"minecraft:gravel":4,"minecraft:dirt":13,"minecraft:stone":65,"minecraft:oak_leaves":11},"minecraft:custom":{"minecraft:interact_with_furnace":4,"minecraft:mob_kills":2,"minecraft:interact_with_crafting_table":13,"minecraft:open_barrel":2,"vampirism:interact_with_garlic_diffuser":1,"minecraft:time_since_death":27188,"minecraft:sleep_in_bed":1,"minecraft:climb_one_cm":3872,"minecraft:time_since_rest":27214,"minecraft:sprint_one_cm":102823,"minecraft:damage_taken":499,"minecraft:walk_one_cm":200040,"minecraft:drop":7,"minecraft:damage_dealt":288,"minecraft:swim_one_cm":1985,"minecraft:fly_one_cm":64450,"minecraft:open_chest":12,"minecraft:crouch_one_cm":1397,"minecraft:play_time":52752,"minecraft:deaths":1,"minecraft:sneak_time":218,"minecraft:walk_under_water_one_cm":4551,"minecraft:jump":958,"minecraft:walk_on_water_one_cm":6188,"minecraft:total_world_time":52752,"minecraft:fall_one_cm":26002},"minecraft:crafted":{"minecraft:cooked_beef":1,"biomesoplenty:fir_wood":3,"minecraft:wooden_sword":1,"minecraft:oak_planks":24,"minecraft:cooked_porkchop":1,"minecraft:crafting_table":2,"minecraft:wooden_pickaxe":2,"minecraft:furnace":1,"biomesoplenty:fir_planks":84,"minecraft:stick":24,"minecraft:stone_pickaxe":3,"minecraft:wooden_axe":2,"minecraft:stone_sword":1},"minecraft:broken":{"minecraft:wooden_axe":1}},"DataVersion":3465}