{"stats":{"minecraft:crafted":{"minecraft:cooked_beef":2,"biomesoplenty:fir_wood":3,"minecraft:wooden_sword":1,"minecraft:oak_planks":40,"minecraft:cooked_porkchop":2,"minecraft:crafting_table":5,"minecraft:baked_potato":4,"minecraft:wooden_pickaxe":2,"minecraft:cooked_chicken":2,"minecraft:furnace":1,"minecraft:cooked_mutton":1,"biomesoplenty:fir_planks":84,"minecraft:oak_boat":1,"minecraft:stick":32,"minecraft:stone_pickaxe":5,"minecraft:wooden_axe":2,"minecraft:stone_sword":2,"minecraft:white_bed":1},"minecraft:killed":{"minecraft:cave_spider":1,"minecraft:sheep":6,"minecraft:skeleton":1,"minecraft:pillager":3,"minecraft:zombie":2},"minecraft:killed_by":{"minecraft:vindicator":1},"minecraft:used":{"minecraft:cooked_mutton":2,"minecraft:stone_sword":33,"minecraft:stone_pickaxe":228,"minecraft:baked_potato":3,"minecraft:wooden_pickaxe":28,"minecraft:spyglass":4,"minecraft:dirt":39,"minecraft:crafting_table":7,"minecraft:carrot":9,"minecraft:white_bed":1,"minecraft:granite":6,"minecraft:wooden_axe":29,"minecraft:apple":6,"minecraft:wooden_sword":8,"minecraft:bow":1,"minecraft:cobblestone":68,"minecraft:furnace":1,"minecraft:andesite":32,"minecraft:cooked_beef":1},"minecraft:mined":{"minecraft:white_bed":1,"mekanism:osmium_ore":2,"biomesoplenty:desert_grass":1,"minecraft:crafting_table":2,"minecraft:granite":2,"minecraft:grass_block":29,"mekanism:tin_ore":13,"minecraft:copper_ore":5,"farmersdelight:wild_tomatoes":3,"minecraft:lapis_ore":1,"minecraft:diorite":5,"minecraft:iron_ore":12,"minecraft:andesite":36,"minecraft:birch_leaves":16,"evilcraft:dark_ore":2,"biomesoplenty:fir_log":22,"minecraft:grass":14,"minecraft:oak_log":10,"minecraft:coal_ore":27,"mekanism:lead_ore":1,"biomesoplenty:webbing":3,"minecraft:gravel":6,"minecraft:dirt":49,"minecraft:cobweb":1,"biomesoplenty:spider_egg":1,"minecraft:stone":114,"minecraft:oak_leaves":12},"minecraft:custom":{"minecraft:interact_with_furnace":11,"minecraft:mob_kills":13,"minecraft:interact_with_crafting_table":17,"minecraft:interact_with_cartography_table":1,"vampirism:interact_with_garlic_diffuser":2,"minecraft:open_barrel":2,"minecraft:leave_game":4,"minecraft:time_since_death":4939,"minecraft:sleep_in_bed":4,"minecraft:climb_one_cm":8019,"minecraft:time_since_rest":5012,"minecraft:sprint_one_cm":236670,"minecraft:damage_taken":1253,"minecraft:walk_one_cm":292105,"minecraft:drop":11,"minecraft:damage_dealt":1969,"minecraft:swim_one_cm":3539,"minecraft:fly_one_cm":185056,"minecraft:open_chest":23,"minecraft:crouch_one_cm":1426,"minecraft:play_time":96329,"minecraft:deaths":3,"minecraft:sneak_time":219,"minecraft:walk_under_water_one_cm":5440,"minecraft:jump":1804,"minecraft:walk_on_water_one_cm":9904,"minecraft:total_world_time":96329,"minecraft:fall_one_cm":51333},"minecraft:broken":{"minecraft:stone_pickaxe":1,"minecraft:wooden_axe":1},"minecraft:picked_up":{"minecraft:wooden_axe":1,"minecraft:crafting_table":2,"minecraft:iron_chestplate":1,"minecraft:allium":1,"mekanism:raw_lead":1,"minecraft:andesite":34,"minecraft:wooden_pickaxe":2,"biomesoplenty:fir_log":22,"minecraft:flint":1,"minecraft:oak_log":10,"silentgear:sinew":1,"minecraft:dirt":71,"minecraft:string":3,"minecraft:raw_copper":18,"minecraft:iron_leggings":1,"minecraft:bone":1,"minecraft:apple":2,"minecraft:bow":1,"minecraft:stone_pickaxe":3,"minecraft:cooked_chicken":1,"minecraft:birch_sapling":3,"minecraft:iron_boots":1,"minecraft:stick":4,"minecraft:raw_iron":12,"minecraft:spyglass":1,"minecraft:gravel":4,"farmersdelight:tomato_seeds":4,"minecraft:ink_sac":1,"minecraft:diorite":5,"minecraft:white_bed":1,"mekanism:raw_osmium":2,"mekanism:raw_tin":13,"minecraft:spider_eye":1,"minecraft:arrow":4,"minecraft:rotten_flesh":2,"minecraft:iron_helmet":1,"evilcraft:dark_gem":8,"minecraft:granite":8,"minecraft:baked_potato":1,"minecraft:oak_sapling":1,"minecraft:mutton":9,"minecraft:coal":19,"minecraft:white_wool":6,"minecraft:cobblestone":113},"minecraft:dropped":{"minecraft:cooked_chicken":1,"minecraft:baked_potato":2,"minecraft:allium":1,"minecraft:wooden_pickaxe":2,"minecraft:stone_pickaxe":4,"farmersdelight:tomato_seeds":1}},"DataVersion":3465}