{"stats":{"minecraft:used":{"minecraft:wooden_axe":12,"minecraft:crafting_table":2,"minecraft:stone_pickaxe":14},"minecraft:picked_up":{"minecraft:wooden_axe":1,"minecraft:stick":2,"minecraft:crafting_table":2,"minecraft:arrow":2,"minecraft:bone":1,"minecraft:gravel":3,"biomesoplenty:fir_log":22,"minecraft:coal":4,"minecraft:dirt":3,"minecraft:cobblestone":7},"minecraft:mined":{"minecraft:grass_block":2,"minecraft:coal_ore":6,"minecraft:gravel":4,"minecraft:dirt":1,"minecraft:stone":1,"biomesoplenty:fir_log":22,"minecraft:crafting_table":2},"minecraft:custom":{"minecraft:time_since_rest":2277,"minecraft:crouch_one_cm":742,"minecraft:play_time":16752,"minecraft:sprint_one_cm":48107,"minecraft:walk_one_cm":48901,"minecraft:sneak_time":109,"minecraft:walk_under_water_one_cm":1345,"minecraft:jump":281,"minecraft:walk_on_water_one_cm":871,"minecraft:time_since_death":16752,"minecraft:sleep_in_bed":1,"minecraft:climb_one_cm":1352,"minecraft:total_world_time":16752,"minecraft:open_chest":1,"minecraft:fall_one_cm":7540,"minecraft:interact_with_crafting_table":5,"minecraft:fly_one_cm":32611,"minecraft:damage_taken":30},"minecraft:crafted":{"biomesoplenty:fir_wood":3,"biomesoplenty:fir_planks":84,"minecraft:wooden_axe":1,"minecraft:stick":16,"minecraft:stone_sword":1,"minecraft:stone_pickaxe":1}},"DataVersion":3465}