{"stats":{"minecraft:dropped":{"farmersdelight:tomato_seeds":1,"minecraft:stone_pickaxe":1},"minecraft:used":{"minecraft:wooden_axe":16,"minecraft:stone_pickaxe":21,"minecraft:wooden_pickaxe":6,"minecraft:crafting_table":3},"minecraft:picked_up":{"minecraft:wooden_axe":1,"minecraft:stick":4,"minecraft:crafting_table":2,"minecraft:gravel":3,"biomesoplenty:fir_log":22,"farmersdelight:tomato_seeds":3,"minecraft:oak_log":6,"mekanism:raw_tin":1,"minecraft:dirt":6,"minecraft:bone":1,"minecraft:arrow":2,"minecraft:apple":2,"minecraft:birch_sapling":2,"minecraft:coal":5,"minecraft:cobblestone":13},"minecraft:mined":{"minecraft:birch_leaves":14,"biomesoplenty:fir_log":22,"minecraft:crafting_table":2,"minecraft:oak_log":6,"minecraft:grass_block":4,"minecraft:coal_ore":7,"mekanism:tin_ore":1,"minecraft:dirt":2,"minecraft:gravel":4,"farmersdelight:wild_tomatoes":2,"minecraft:stone":7,"minecraft:oak_leaves":7},"minecraft:custom":{"minecraft:time_since_rest":3214,"minecraft:sprint_one_cm":51040,"minecraft:damage_taken":315,"minecraft:walk_one_cm":120771,"minecraft:drop":2,"minecraft:interact_with_crafting_table":8,"minecraft:fly_one_cm":33668,"minecraft:open_barrel":1,"minecraft:open_chest":1,"minecraft:crouch_one_cm":1091,"minecraft:play_time":28752,"minecraft:deaths":1,"minecraft:sneak_time":148,"minecraft:walk_under_water_one_cm":3998,"minecraft:jump":544,"minecraft:time_since_death":3188,"minecraft:walk_on_water_one_cm":3682,"minecraft:sleep_in_bed":1,"minecraft:total_world_time":28752,"minecraft:climb_one_cm":1820,"minecraft:fall_one_cm":15719},"minecraft:crafted":{"biomesoplenty:fir_wood":3,"biomesoplenty:fir_planks":84,"minecraft:oak_planks":24,"minecraft:crafting_table":1,"minecraft:stick":20,"minecraft:wooden_pickaxe":2,"minecraft:stone_pickaxe":2,"minecraft:wooden_axe":2,"minecraft:stone_sword":1},"minecraft:broken":{"minecraft:wooden_axe":1}},"DataVersion":3465}