{"stats":{"minecraft:picked_up":{"biomesoplenty:fir_log":12,"minecraft:bone":1,"minecraft:arrow":2},"minecraft:mined":{"biomesoplenty:fir_log":12},"minecraft:custom":{"minecraft:jump":46,"minecraft:time_since_rest":4752,"minecraft:crouch_one_cm":212,"minecraft:sprint_one_cm":14808,"minecraft:play_time":4752,"minecraft:time_since_death":4752,"minecraft:walk_one_cm":7185,"minecraft:sneak_time":29,"minecraft:total_world_time":4752,"minecraft:fall_one_cm":743,"minecraft:fly_one_cm":5953}},"DataVersion":3465}