{"stats":{"minecraft:dropped":{"farmersdelight:tomato_seeds":1,"minecraft:wooden_pickaxe":2,"minecraft:stone_pickaxe":1},"minecraft:used":{"minecraft:wooden_axe":29,"minecraft:apple":2,"minecraft:stone_pickaxe":21,"minecraft:wooden_pickaxe":20,"minecraft:wooden_sword":7,"minecraft:spyglass":4,"minecraft:dirt":20,"minecraft:crafting_table":3},"minecraft:picked_up":{"minecraft:wooden_axe":1,"minecraft:iron_chestplate":1,"minecraft:stick":4,"minecraft:crafting_table":2,"minecraft:wooden_pickaxe":2,"minecraft:spyglass":1,"minecraft:gravel":3,"biomesoplenty:fir_log":22,"farmersdelight:tomato_seeds":3,"minecraft:oak_log":6,"mekanism:raw_tin":1,"minecraft:dirt":29,"minecraft:rotten_flesh":2,"minecraft:iron_leggings":1,"minecraft:bone":1,"minecraft:arrow":2,"minecraft:apple":2,"minecraft:iron_helmet":1,"minecraft:birch_sapling":3,"minecraft:coal":5,"minecraft:iron_boots":1,"minecraft:cobblestone":17},"minecraft:killed":{"minecraft:zombie":2},"minecraft:mined":{"minecraft:andesite":1,"minecraft:birch_leaves":16,"biomesoplenty:fir_log":22,"minecraft:crafting_table":2,"minecraft:grass":1,"minecraft:oak_log":6,"minecraft:grass_block":18,"minecraft:coal_ore":7,"mekanism:tin_ore":1,"minecraft:dirt":12,"minecraft:gravel":4,"farmersdelight:wild_tomatoes":2,"minecraft:stone":12,"minecraft:oak_leaves":8},"minecraft:custom":{"minecraft:time_since_rest":15214,"minecraft:sprint_one_cm":92213,"minecraft:damage_taken":475,"minecraft:walk_one_cm":158087,"minecraft:mob_kills":2,"minecraft:drop":4,"minecraft:damage_dealt":218,"minecraft:swim_one_cm":1985,"vampirism:interact_with_garlic_diffuser":1,"minecraft:interact_with_crafting_table":10,"minecraft:fly_one_cm":61437,"minecraft:open_barrel":1,"minecraft:open_chest":8,"minecraft:crouch_one_cm":1174,"minecraft:play_time":40752,"minecraft:deaths":1,"minecraft:sneak_time":186,"minecraft:walk_under_water_one_cm":4551,"minecraft:jump":766,"minecraft:time_since_death":15188,"minecraft:walk_on_water_one_cm":4689,"minecraft:sleep_in_bed":1,"minecraft:total_world_time":40752,"minecraft:climb_one_cm":3872,"minecraft:fall_one_cm":23691},"minecraft:crafted":{"biomesoplenty:fir_wood":3,"biomesoplenty:fir_planks":84,"minecraft:wooden_sword":1,"minecraft:oak_planks":24,"minecraft:crafting_table":1,"minecraft:stick":20,"minecraft:wooden_pickaxe":2,"minecraft:stone_pickaxe":2,"minecraft:wooden_axe":2,"minecraft:stone_sword":1},"minecraft:broken":{"minecraft:wooden_axe":1}},"DataVersion":3465}