{"stats":{"minecraft:dropped":{"farmersdelight:tomato_seeds":1,"minecraft:baked_potato":2,"minecraft:allium":1,"minecraft:wooden_pickaxe":2,"minecraft:stone_pickaxe":3},"minecraft:used":{"minecraft:stone_pickaxe":140,"minecraft:baked_potato":2,"minecraft:wooden_pickaxe":28,"minecraft:spyglass":4,"minecraft:dirt":20,"minecraft:crafting_table":4,"minecraft:carrot":7,"minecraft:granite":6,"minecraft:wooden_axe":29,"minecraft:apple":5,"minecraft:wooden_sword":8,"minecraft:cobblestone":29,"minecraft:furnace":1},"minecraft:picked_up":{"minecraft:wooden_axe":1,"minecraft:crafting_table":2,"minecraft:iron_chestplate":1,"minecraft:allium":1,"minecraft:andesite":2,"minecraft:wooden_pickaxe":2,"biomesoplenty:fir_log":22,"minecraft:oak_log":6,"minecraft:dirt":32,"minecraft:raw_copper":18,"minecraft:iron_leggings":1,"minecraft:bone":1,"minecraft:apple":2,"minecraft:stone_pickaxe":2,"minecraft:birch_sapling":3,"minecraft:iron_boots":1,"minecraft:stick":4,"minecraft:spyglass":1,"minecraft:gravel":3,"farmersdelight:tomato_seeds":4,"minecraft:ink_sac":1,"minecraft:diorite":4,"mekanism:raw_tin":12,"minecraft:arrow":2,"minecraft:rotten_flesh":2,"evilcraft:dark_gem":8,"minecraft:iron_helmet":1,"minecraft:granite":6,"minecraft:baked_potato":1,"minecraft:oak_sapling":1,"minecraft:coal":18,"minecraft:cobblestone":88},"minecraft:killed":{"minecraft:zombie":2},"minecraft:mined":{"minecraft:crafting_table":2,"minecraft:grass_block":19,"mekanism:tin_ore":12,"minecraft:copper_ore":5,"farmersdelight:wild_tomatoes":3,"minecraft:diorite":4,"minecraft:andesite":4,"minecraft:birch_leaves":16,"evilcraft:dark_ore":2,"biomesoplenty:fir_log":22,"minecraft:grass":3,"minecraft:oak_log":6,"minecraft:coal_ore":26,"biomesoplenty:webbing":3,"minecraft:gravel":4,"minecraft:dirt":14,"minecraft:stone":86,"minecraft:oak_leaves":12},"minecraft:custom":{"minecraft:interact_with_furnace":9,"minecraft:mob_kills":2,"minecraft:interact_with_crafting_table":13,"minecraft:open_barrel":2,"vampirism:interact_with_garlic_diffuser":1,"minecraft:leave_game":1,"minecraft:time_since_death":38879,"minecraft:sleep_in_bed":2,"minecraft:climb_one_cm":5583,"minecraft:time_since_rest":6280,"minecraft:sprint_one_cm":158717,"minecraft:damage_taken":529,"minecraft:walk_one_cm":224201,"minecraft:drop":9,"minecraft:damage_dealt":298,"minecraft:swim_one_cm":2287,"minecraft:fly_one_cm":113083,"minecraft:open_chest":15,"minecraft:crouch_one_cm":1426,"minecraft:play_time":64443,"minecraft:deaths":1,"minecraft:sneak_time":219,"minecraft:walk_under_water_one_cm":4577,"minecraft:jump":1239,"minecraft:walk_on_water_one_cm":7357,"minecraft:total_world_time":64443,"minecraft:fall_one_cm":34256},"minecraft:crafted":{"minecraft:cooked_beef":2,"biomesoplenty:fir_wood":3,"minecraft:wooden_sword":1,"minecraft:oak_planks":24,"minecraft:cooked_porkchop":2,"minecraft:crafting_table":2,"minecraft:wooden_pickaxe":2,"minecraft:baked_potato":4,"minecraft:cooked_chicken":2,"minecraft:furnace":1,"minecraft:cooked_mutton":1,"biomesoplenty:fir_planks":84,"minecraft:stick":24,"minecraft:stone_pickaxe":3,"minecraft:wooden_axe":2,"minecraft:stone_sword":1},"minecraft:broken":{"minecraft:wooden_axe":1}},"DataVersion":3465}