{"stats":{"minecraft:used":{"minecraft:wooden_axe":22,"minecraft:bread":3,"minecraft:stone_pickaxe":11,"minecraft:wooden_pickaxe":3,"minecraft:spyglass":1,"minecraft:crafting_table":1},"minecraft:picked_up":{"minecraft:birch_log":7,"minecraft:stick":1,"minecraft:crafting_table":1,"minecraft:raw_iron":5,"minecraft:leather":1,"minecraft:oak_log":3,"evilcraft:flesh_humanoid":1,"minecraft:spruce_log":13,"minecraft:wheat_seeds":1,"minecraft:hay_block":5,"minecraft:beef":2,"minecraft:oak_sapling":1,"minecraft:melon_seeds":3,"minecraft:birch_sapling":4,"minecraft:coal":6,"minecraft:cobblestone":3},"minecraft:killed":{"minecraft:cow":1},"minecraft:mined":{"minecraft:hay_block":5,"minecraft:birch_log":7,"minecraft:iron_ore":5,"minecraft:spruce_log":13,"biomesoplenty:desert_grass":3,"minecraft:crafting_table":1,"minecraft:grass":13,"minecraft:coal_ore":6,"minecraft:oak_log":3,"minecraft:cobblestone":3},"minecraft:custom":{"minecraft:time_since_rest":4262,"minecraft:sprint_one_cm":62171,"minecraft:damage_taken":330,"minecraft:walk_one_cm":42138,"minecraft:mob_kills":1,"minecraft:damage_dealt":369,"minecraft:swim_one_cm":12612,"minecraft:interact_with_crafting_table":4,"minecraft:fly_one_cm":136239,"vampirism:interact_with_research_table":3,"minecraft:open_barrel":5,"vampirism:interact_with_garlic_diffuser":2,"minecraft:open_chest":7,"minecraft:crouch_one_cm":497,"minecraft:play_time":19928,"minecraft:deaths":1,"minecraft:sneak_time":131,"minecraft:walk_under_water_one_cm":554,"minecraft:jump":510,"minecraft:leave_game":1,"minecraft:time_since_death":11112,"minecraft:walk_on_water_one_cm":1906,"minecraft:sleep_in_bed":4,"minecraft:total_world_time":19928,"minecraft:climb_one_cm":2486,"minecraft:fall_one_cm":12819},"minecraft:killed_by":{"minecraft:skeleton":1},"minecraft:crafted":{"minecraft:oak_planks":12,"minecraft:crafting_table":1,"minecraft:spruce_planks":8,"minecraft:stick":8,"minecraft:wooden_pickaxe":1,"minecraft:stone_pickaxe":1,"minecraft:wooden_axe":1,"minecraft:bread":15,"minecraft:wheat":45}},"DataVersion":3465}