{"stats":{"minecraft:dropped":{"minecraft:water_bucket":1,"minecraft:wheat_seeds":3,"minecraft:iron_helmet":1,"minecraft:cobblestone":6,"minecraft:stick":2,"minecraft:grass":3,"mcwwindows:white_curtain":4,"minecraft:wooden_axe":2,"minecraft:iron_leggings":1,"minecraft:spyglass":1,"minecraft:iron_boots":1,"minecraft:iron_chestplate":1,"minecraft:spider_eye":2},"minecraft:mined":{"minecraft:dark_oak_planks":1,"minecraft:waxed_cut_copper_slab":1,"minecraft:diamond_ore":2,"minecraft:white_bed":3,"minecraft:deepslate_diamond_ore":4,"biomesoplenty:desert_grass":3,"minecraft:granite":15,"minecraft:grass_block":4,"minecraft:spruce_fence":1,"minecraft:spruce_leaves":1,"minecraft:mud_bricks":2,"minecraft:mud_brick_wall":4,"minecraft:spawner":4,"minecraft:hay_block":14,"minecraft:raw_iron_block":12,"minecraft:waxed_oxidized_cut_copper":4,"minecraft:furnace":1,"mcwwindows:white_curtain":4,"minecraft:iron_ore":17,"minecraft:andesite":28,"minecraft:stripped_spruce_log":3,"evilcraft:dark_ore":4,"minecraft:stripped_dark_oak_wood":20,"minecraft:dark_oak_stairs":2,"minecraft:gold_block":1,"minecraft:deepslate_iron_ore":1,"minecraft:green_carpet":1,"minecraft:stone":149,"minecraft:spruce_slab":1,"minecraft:waxed_cut_copper":11,"minecraft:waxed_cut_copper_stairs":1,"minecraft:mud_brick_slab":1,"minecraft:powder_snow":9,"minecraft:crafting_table":8,"minecraft:note_block":3,"minecraft:tall_grass":1,"minecraft:cobblestone":4,"minecraft:diorite":2,"minecraft:spruce_stairs":2,"minecraft:cobblestone_wall":1,"minecraft:birch_log":10,"minecraft:spruce_log":15,"minecraft:tnt":2,"biomesoplenty:fir_log":7,"minecraft:grass":27,"minecraft:oak_log":3,"minecraft:coal_ore":57,"minecraft:dirt":11,"minecraft:acacia_planks":2,"minecraft:stripped_acacia_wood":30,"minecraft:oak_leaves":4,"minecraft:deepslate":22,"minecraft:fern":1},"minecraft:picked_up":{"minecraft:wooden_axe":1,"minecraft:waxed_oxidized_cut_copper":4,"minecraft:mud_brick_slab":1,"minecraft:crafting_table":9,"minecraft:gold_block":1,"silentgear:sinew":2,"minecraft:string":1,"minecraft:cobbled_deepslate":25,"minecraft:beef":14,"minecraft:spruce_slab":1,"minecraft:birch_sapling":4,"minecraft:raw_iron":18,"minecraft:stick":1,"minecraft:spruce_stairs":2,"minecraft:note_block":3,"minecraft:porkchop":8,"minecraft:diorite":2,"minecraft:dark_oak_planks":1,"minecraft:waxed_cut_copper_stairs":1,"minecraft:tnt":2,"minecraft:arrow":5,"minecraft:rotten_flesh":12,"minecraft:hay_block":14,"minecraft:stripped_dark_oak_wood":20,"minecraft:waxed_cut_copper":9,"minecraft:cobblestone":148,"minecraft:white_wool":16,"minecraft:birch_log":10,"minecraft:mud_bricks":2,"minecraft:andesite":27,"minecraft:leather":5,"minecraft:oak_log":3,"evilcraft:flesh_humanoid":1,"minecraft:dirt":15,"minecraft:bone":7,"minecraft:acacia_planks":2,"minecraft:wheat_seeds":10,"minecraft:dark_oak_stairs":2,"mcwwindows:white_curtain":4,"minecraft:stripped_acacia_wood":30,"minecraft:raw_iron_block":12,"vampirism:crucifix_normal":1,"minecraft:stripped_spruce_log":3,"minecraft:mud_brick_wall":4,"minecraft:white_bed":3,"minecraft:spruce_log":14,"minecraft:green_carpet":1,"minecraft:spider_eye":2,"minecraft:diamond":6,"waystones:waystone":2,"evilcraft:dark_gem":18,"minecraft:diamond_axe":1,"minecraft:granite":15,"minecraft:grass":3,"minecraft:oak_sapling":1,"minecraft:melon_seeds":3,"minecraft:coal":57},"minecraft:crafted":{"minecraft:oak_planks":12,"minecraft:raw_iron":108,"minecraft:furnace":2,"minecraft:iron_boots":2,"mcwwindows:white_curtain":6,"minecraft:iron_axe":1,"minecraft:stone_pickaxe":1,"minecraft:chest":1,"minecraft:spruce_boat":1,"minecraft:dark_oak_planks":104,"sophisticatedbackpacks:iron_backpack":1,"minecraft:wheat":126,"minecraft:cooked_beef":14,"minecraft:diamond_sword":1,"sophisticatedbackpacks:backpack":1,"minecraft:cooked_porkchop":8,"minecraft:crafting_table":5,"minecraft:spruce_planks":64,"minecraft:wooden_pickaxe":1,"minecraft:iron_helmet":2,"minecraft:bucket":1,"minecraft:birch_planks":28,"minecraft:bread":42,"minecraft:air":0,"minecraft:iron_chestplate":2,"minecraft:diamond_pickaxe":1,"minecraft:shield":1,"minecraft:stick":16,"minecraft:iron_ingot":122,"minecraft:wooden_axe":1,"minecraft:iron_leggings":2,"minecraft:white_bed":1,"minecraft:acacia_planks":120,"minecraft:torch":16,"minecraft:shears":1},"minecraft:killed":{"minecraft:spider":5,"minecraft:skeleton":15,"minecraft:pig":4,"minecraft:creeper":3,"minecraft:zombie":23,"minecraft:cow":6},"minecraft:custom":{"minecraft:mob_kills":58,"minecraft:interact_with_crafting_table":32,"minecraft:open_barrel":15,"minecraft:eat_cake_slice":5,"minecraft:leave_game":5,"minecraft:time_since_death":14446,"minecraft:climb_one_cm":26566,"minecraft:sprint_one_cm":703987,"minecraft:walk_one_cm":348756,"minecraft:damage_blocked_by_shield":560,"minecraft:drop":23,"minecraft:play_noteblock":8,"minecraft:play_time":187392,"minecraft:deaths":7,"minecraft:sneak_time":6571,"minecraft:walk_under_water_one_cm":11853,"minecraft:boat_one_cm":42609,"minecraft:jump":5828,"minecraft:walk_on_water_one_cm":42416,"minecraft:total_world_time":187392,"minecraft:interact_with_furnace":36,"minecraft:interact_with_cartography_table":2,"minecraft:tune_noteblock":16,"vampirism:interact_with_research_table":9,"vampirism:interact_with_garlic_diffuser":4,"minecraft:sleep_in_bed":12,"minecraft:time_since_rest":13548,"minecraft:waystone_activated":2,"minecraft:damage_taken":5752,"minecraft:damage_absorbed":350,"minecraft:damage_dealt":9857,"minecraft:swim_one_cm":94211,"minecraft:fly_one_cm":1465773,"minecraft:player_kills":1,"minecraft:open_chest":47,"minecraft:crouch_one_cm":18362,"minecraft:fall_one_cm":217986},"minecraft:killed_by":{"minecraft:skeleton":3},"minecraft:used":{"minecraft:spruce_slab":1,"minecraft:spruce_planks":20,"minecraft:shield":10,"minecraft:iron_chestplate":1,"minecraft:torch":16,"minecraft:dirt":3,"minecraft:spyglass":20,"minecraft:spruce_stairs":1,"minecraft:raw_iron_block":12,"minecraft:spruce_boat":1,"minecraft:dark_oak_planks":78,"minecraft:wooden_axe":33,"minecraft:waxed_cut_copper":9,"minecraft:iron_axe":79,"minecraft:iron_helmet":1,"minecraft:iron_boots":1,"minecraft:mud_bricks":2,"minecraft:beef":1,"minecraft:furnace":2,"minecraft:cooked_beef":14,"minecraft:acacia_planks":122,"minecraft:cobbled_deepslate":17,"minecraft:powder_snow_bucket":12,"minecraft:iron_leggings":1,"minecraft:dark_oak_stairs":2,"minecraft:water_bucket":14,"minecraft:diorite":1,"minecraft:birch_planks":28,"minecraft:stone_pickaxe":12,"minecraft:mud_brick_slab":1,"minecraft:waxed_oxidized_cut_copper":4,"minecraft:wooden_pickaxe":3,"minecraft:white_wool":9,"minecraft:golden_apple":11,"minecraft:tnt":2,"minecraft:crafting_table":14,"minecraft:white_bed":4,"minecraft:note_block":3,"minecraft:shears":1,"minecraft:spruce_log":1,"minecraft:diamond_pickaxe":339,"minecraft:bread":33,"mcwwindows:white_curtain":6,"minecraft:diamond_sword":176,"minecraft:cobblestone":131,"minecraft:mud_brick_wall":4,"minecraft:cooked_porkchop":8,"minecraft:birch_log":3,"minecraft:bucket":27,"minecraft:waxed_cut_copper_stairs":1}},"DataVersion":3465}