{"stats":{"minecraft:dropped":{"minecraft:water_bucket":1,"minecraft:wheat_seeds":3,"minecraft:spyglass":1,"minecraft:iron_helmet":1,"minecraft:cobblestone":6,"minecraft:iron_boots":1,"minecraft:stick":2,"minecraft:grass":3,"mcwwindows:white_curtain":4,"minecraft:iron_chestplate":1,"minecraft:wooden_axe":2,"minecraft:iron_leggings":1,"minecraft:spider_eye":2},"minecraft:used":{"minecraft:water_bucket":3,"minecraft:diorite":1,"minecraft:stone_pickaxe":12,"minecraft:spruce_planks":16,"minecraft:wooden_pickaxe":3,"minecraft:iron_chestplate":1,"minecraft:golden_apple":9,"minecraft:torch":2,"minecraft:dirt":3,"minecraft:spyglass":20,"minecraft:crafting_table":11,"minecraft:spruce_stairs":1,"minecraft:white_bed":1,"minecraft:raw_iron_block":12,"minecraft:note_block":1,"minecraft:shears":1,"minecraft:spruce_log":1,"minecraft:spruce_boat":1,"minecraft:diamond_pickaxe":282,"minecraft:wooden_axe":33,"minecraft:iron_boots":1,"minecraft:iron_axe":15,"mcwwindows:white_curtain":6,"minecraft:bread":24,"minecraft:iron_helmet":1,"minecraft:diamond_sword":72,"minecraft:cobblestone":1,"minecraft:beef":1,"minecraft:furnace":1,"minecraft:bucket":4,"minecraft:birch_log":3,"minecraft:cooked_beef":11,"minecraft:iron_leggings":1},"minecraft:picked_up":{"minecraft:wooden_axe":1,"minecraft:birch_log":10,"minecraft:crafting_table":7,"minecraft:andesite":27,"minecraft:leather":5,"minecraft:gold_block":1,"minecraft:oak_log":3,"evilcraft:flesh_humanoid":1,"minecraft:dirt":15,"minecraft:string":1,"minecraft:wheat_seeds":9,"minecraft:cobbled_deepslate":24,"minecraft:beef":14,"minecraft:birch_sapling":4,"minecraft:stick":1,"minecraft:raw_iron":18,"mcwwindows:white_curtain":4,"minecraft:spruce_stairs":2,"minecraft:raw_iron_block":12,"minecraft:note_block":1,"vampirism:crucifix_normal":1,"minecraft:stripped_spruce_log":3,"minecraft:diorite":2,"minecraft:white_bed":1,"minecraft:spruce_log":14,"minecraft:spider_eye":2,"minecraft:arrow":3,"minecraft:rotten_flesh":1,"minecraft:diamond":5,"waystones:waystone":1,"evilcraft:dark_gem":18,"minecraft:hay_block":5,"minecraft:granite":15,"minecraft:grass":3,"minecraft:oak_sapling":1,"minecraft:melon_seeds":3,"minecraft:coal":37,"minecraft:white_wool":16,"minecraft:cobblestone":147},"minecraft:killed":{"minecraft:spider":4,"minecraft:creeper":2,"minecraft:skeleton":7,"minecraft:zombie":6,"minecraft:cow":6},"minecraft:mined":{"minecraft:diamond_ore":2,"minecraft:white_bed":1,"minecraft:deepslate_diamond_ore":3,"biomesoplenty:desert_grass":3,"minecraft:crafting_table":6,"minecraft:note_block":1,"minecraft:granite":15,"minecraft:spruce_fence":1,"minecraft:grass_block":4,"minecraft:tall_grass":1,"minecraft:cobblestone":3,"minecraft:spruce_leaves":1,"minecraft:diorite":2,"minecraft:hay_block":5,"minecraft:spruce_stairs":2,"minecraft:raw_iron_block":12,"mcwwindows:white_curtain":4,"minecraft:cobblestone_wall":1,"minecraft:birch_log":10,"minecraft:iron_ore":17,"minecraft:spruce_log":15,"minecraft:stripped_spruce_log":3,"minecraft:andesite":28,"evilcraft:dark_ore":4,"biomesoplenty:fir_log":7,"minecraft:gold_block":1,"minecraft:grass":27,"minecraft:coal_ore":37,"minecraft:oak_log":3,"minecraft:deepslate_iron_ore":1,"minecraft:dirt":11,"minecraft:stone":145,"minecraft:oak_leaves":1,"minecraft:deepslate":22,"minecraft:fern":1},"minecraft:custom":{"minecraft:interact_with_furnace":32,"minecraft:mob_kills":25,"minecraft:interact_with_crafting_table":30,"vampirism:interact_with_research_table":9,"minecraft:interact_with_cartography_table":2,"minecraft:tune_noteblock":13,"vampirism:interact_with_garlic_diffuser":4,"minecraft:open_barrel":12,"minecraft:leave_game":3,"minecraft:time_since_death":50231,"minecraft:sleep_in_bed":9,"minecraft:climb_one_cm":25001,"minecraft:time_since_rest":12164,"minecraft:sprint_one_cm":483167,"minecraft:damage_absorbed":350,"minecraft:damage_taken":4224,"minecraft:walk_one_cm":241900,"minecraft:drop":23,"minecraft:damage_dealt":5107,"minecraft:play_noteblock":1,"minecraft:player_kills":1,"minecraft:swim_one_cm":58773,"minecraft:fly_one_cm":1015078,"minecraft:open_chest":38,"minecraft:play_time":130000,"minecraft:crouch_one_cm":4080,"minecraft:sneak_time":2335,"minecraft:deaths":6,"minecraft:walk_under_water_one_cm":6046,"minecraft:boat_one_cm":42609,"minecraft:jump":3859,"minecraft:walk_on_water_one_cm":22765,"minecraft:total_world_time":130000,"minecraft:fall_one_cm":153495},"minecraft:killed_by":{"minecraft:skeleton":2},"minecraft:crafted":{"minecraft:cooked_beef":14,"minecraft:oak_planks":12,"minecraft:raw_iron":108,"minecraft:diamond_sword":1,"sophisticatedbackpacks:backpack":1,"minecraft:crafting_table":5,"minecraft:spruce_planks":64,"minecraft:iron_helmet":2,"minecraft:wooden_pickaxe":1,"minecraft:furnace":1,"minecraft:bucket":1,"minecraft:bread":15,"minecraft:air":0,"minecraft:iron_boots":2,"minecraft:iron_chestplate":2,"minecraft:diamond_pickaxe":1,"mcwwindows:white_curtain":6,"minecraft:shield":1,"minecraft:iron_axe":1,"minecraft:stick":16,"minecraft:iron_ingot":122,"minecraft:stone_pickaxe":1,"minecraft:wooden_axe":1,"minecraft:chest":1,"minecraft:iron_leggings":2,"minecraft:white_bed":1,"minecraft:spruce_boat":1,"minecraft:torch":16,"minecraft:shears":1,"minecraft:wheat":45,"sophisticatedbackpacks:iron_backpack":1}},"DataVersion":3465}