{"stats":{"minecraft:used":{"minecraft:wooden_axe":31,"minecraft:bread":7,"minecraft:stone_pickaxe":11,"minecraft:spruce_planks":3,"minecraft:wooden_pickaxe":3,"minecraft:golden_apple":2,"minecraft:spyglass":6,"minecraft:crafting_table":2,"minecraft:spruce_log":1},"minecraft:picked_up":{"minecraft:birch_log":7,"minecraft:stick":1,"minecraft:crafting_table":1,"minecraft:raw_iron":5,"minecraft:leather":1,"minecraft:oak_log":3,"evilcraft:flesh_humanoid":1,"minecraft:spruce_log":14,"minecraft:wheat_seeds":1,"minecraft:hay_block":5,"minecraft:beef":2,"minecraft:oak_sapling":1,"minecraft:melon_seeds":3,"minecraft:birch_sapling":4,"minecraft:coal":6,"minecraft:cobblestone":3},"minecraft:killed":{"minecraft:zombie":2,"minecraft:creeper":1,"minecraft:cow":1},"minecraft:mined":{"minecraft:hay_block":5,"minecraft:birch_log":7,"minecraft:iron_ore":5,"minecraft:spruce_log":15,"biomesoplenty:desert_grass":3,"minecraft:crafting_table":1,"minecraft:grass":13,"minecraft:coal_ore":6,"minecraft:oak_log":3,"minecraft:cobblestone":3},"minecraft:custom":{"minecraft:time_since_rest":10629,"minecraft:sprint_one_cm":130092,"minecraft:damage_absorbed":80,"minecraft:damage_taken":900,"minecraft:walk_one_cm":83979,"minecraft:mob_kills":4,"minecraft:damage_dealt":969,"minecraft:swim_one_cm":17286,"minecraft:interact_with_crafting_table":4,"minecraft:fly_one_cm":250855,"vampirism:interact_with_research_table":3,"minecraft:open_barrel":5,"vampirism:interact_with_garlic_diffuser":2,"minecraft:open_chest":10,"minecraft:crouch_one_cm":497,"minecraft:play_time":31928,"minecraft:deaths":2,"minecraft:sneak_time":131,"minecraft:walk_under_water_one_cm":790,"minecraft:jump":955,"minecraft:leave_game":1,"minecraft:time_since_death":10601,"minecraft:walk_on_water_one_cm":3561,"minecraft:sleep_in_bed":4,"minecraft:total_world_time":31928,"minecraft:climb_one_cm":4422,"minecraft:fall_one_cm":29399},"minecraft:killed_by":{"minecraft:skeleton":2},"minecraft:crafted":{"minecraft:oak_planks":12,"minecraft:crafting_table":2,"minecraft:spruce_planks":52,"minecraft:stick":8,"minecraft:wooden_pickaxe":1,"minecraft:stone_pickaxe":1,"minecraft:wooden_axe":1,"minecraft:bread":15,"minecraft:wheat":45}},"DataVersion":3465}