{"stats":{"minecraft:crafted":{"minecraft:oak_planks":12,"minecraft:raw_iron":108,"minecraft:furnace":2,"minecraft:iron_boots":2,"mcwwindows:white_curtain":6,"minecraft:iron_axe":1,"minecraft:stone_pickaxe":1,"minecraft:chest":1,"minecraft:spruce_boat":1,"sophisticatedbackpacks:iron_backpack":1,"minecraft:wheat":45,"minecraft:cooked_beef":14,"minecraft:diamond_sword":1,"sophisticatedbackpacks:backpack":1,"minecraft:cooked_porkchop":8,"minecraft:crafting_table":5,"minecraft:spruce_planks":64,"minecraft:wooden_pickaxe":1,"minecraft:iron_helmet":2,"minecraft:bucket":1,"minecraft:bread":15,"minecraft:air":0,"minecraft:iron_chestplate":2,"minecraft:diamond_pickaxe":1,"minecraft:shield":1,"minecraft:stick":16,"minecraft:iron_ingot":122,"minecraft:wooden_axe":1,"minecraft:iron_leggings":2,"minecraft:white_bed":1,"minecraft:torch":16,"minecraft:shears":1},"minecraft:killed":{"minecraft:spider":4,"minecraft:skeleton":8,"minecraft:pig":4,"minecraft:creeper":2,"minecraft:zombie":8,"minecraft:cow":6},"minecraft:killed_by":{"minecraft:skeleton":2},"minecraft:used":{"minecraft:spruce_planks":20,"minecraft:shield":5,"minecraft:iron_chestplate":1,"minecraft:torch":3,"minecraft:dirt":3,"minecraft:spyglass":20,"minecraft:spruce_stairs":1,"minecraft:raw_iron_block":12,"minecraft:spruce_boat":1,"minecraft:wooden_axe":33,"minecraft:iron_axe":17,"minecraft:iron_helmet":1,"minecraft:iron_boots":1,"minecraft:beef":1,"minecraft:furnace":2,"minecraft:cooked_beef":14,"minecraft:cobbled_deepslate":14,"minecraft:powder_snow_bucket":12,"minecraft:iron_leggings":1,"minecraft:water_bucket":11,"minecraft:diorite":1,"minecraft:stone_pickaxe":12,"minecraft:wooden_pickaxe":3,"minecraft:golden_apple":9,"minecraft:crafting_table":12,"minecraft:white_bed":3,"minecraft:note_block":1,"minecraft:shears":1,"minecraft:spruce_log":1,"minecraft:diamond_pickaxe":284,"minecraft:bread":27,"mcwwindows:white_curtain":6,"minecraft:diamond_sword":88,"minecraft:cobblestone":2,"minecraft:cooked_porkchop":6,"minecraft:birch_log":3,"minecraft:bucket":24},"minecraft:mined":{"minecraft:diamond_ore":2,"minecraft:white_bed":3,"minecraft:deepslate_diamond_ore":3,"biomesoplenty:desert_grass":3,"minecraft:granite":15,"minecraft:grass_block":4,"minecraft:spruce_fence":1,"minecraft:spruce_leaves":1,"minecraft:hay_block":14,"minecraft:raw_iron_block":12,"minecraft:furnace":1,"mcwwindows:white_curtain":4,"minecraft:iron_ore":17,"minecraft:andesite":28,"minecraft:stripped_spruce_log":3,"evilcraft:dark_ore":4,"minecraft:gold_block":1,"minecraft:deepslate_iron_ore":1,"minecraft:stone":145,"minecraft:powder_snow":9,"minecraft:crafting_table":7,"minecraft:note_block":1,"minecraft:tall_grass":1,"minecraft:cobblestone":3,"minecraft:diorite":2,"minecraft:spruce_stairs":2,"minecraft:cobblestone_wall":1,"minecraft:birch_log":10,"minecraft:spruce_log":15,"biomesoplenty:fir_log":7,"minecraft:grass":27,"minecraft:oak_log":3,"minecraft:coal_ore":37,"minecraft:dirt":11,"minecraft:oak_leaves":4,"minecraft:deepslate":22,"minecraft:fern":1},"minecraft:custom":{"minecraft:mob_kills":32,"minecraft:interact_with_crafting_table":31,"minecraft:open_barrel":12,"minecraft:leave_game":5,"minecraft:time_since_death":76396,"minecraft:climb_one_cm":25425,"minecraft:sprint_one_cm":618348,"minecraft:walk_one_cm":270283,"minecraft:damage_blocked_by_shield":80,"minecraft:drop":23,"minecraft:play_noteblock":1,"minecraft:play_time":156165,"minecraft:deaths":6,"minecraft:sneak_time":2337,"minecraft:walk_under_water_one_cm":8404,"minecraft:boat_one_cm":42609,"minecraft:jump":5105,"minecraft:walk_on_water_one_cm":39706,"minecraft:total_world_time":156165,"minecraft:interact_with_furnace":36,"minecraft:interact_with_cartography_table":2,"minecraft:tune_noteblock":13,"vampirism:interact_with_research_table":9,"vampirism:interact_with_garlic_diffuser":4,"minecraft:sleep_in_bed":11,"minecraft:time_since_rest":5941,"minecraft:waystone_activated":2,"minecraft:damage_taken":4856,"minecraft:damage_absorbed":350,"minecraft:damage_dealt":5837,"minecraft:swim_one_cm":93938,"minecraft:fly_one_cm":1362548,"minecraft:player_kills":1,"minecraft:open_chest":42,"minecraft:crouch_one_cm":4080,"minecraft:fall_one_cm":205646},"minecraft:picked_up":{"minecraft:wooden_axe":1,"minecraft:crafting_table":8,"minecraft:gold_block":1,"silentgear:sinew":2,"minecraft:string":1,"minecraft:cobbled_deepslate":24,"minecraft:beef":14,"minecraft:birch_sapling":4,"minecraft:raw_iron":18,"minecraft:stick":1,"minecraft:spruce_stairs":2,"minecraft:note_block":1,"minecraft:porkchop":8,"minecraft:diorite":2,"minecraft:arrow":3,"minecraft:rotten_flesh":3,"minecraft:hay_block":14,"minecraft:cobblestone":147,"minecraft:white_wool":16,"minecraft:birch_log":10,"minecraft:andesite":27,"minecraft:leather":5,"minecraft:oak_log":3,"evilcraft:flesh_humanoid":1,"minecraft:dirt":15,"minecraft:wheat_seeds":10,"mcwwindows:white_curtain":4,"minecraft:raw_iron_block":12,"vampirism:crucifix_normal":1,"minecraft:stripped_spruce_log":3,"minecraft:white_bed":3,"minecraft:spruce_log":14,"minecraft:spider_eye":2,"minecraft:diamond":5,"waystones:waystone":2,"evilcraft:dark_gem":18,"minecraft:granite":15,"minecraft:grass":3,"minecraft:oak_sapling":1,"minecraft:melon_seeds":3,"minecraft:coal":37},"minecraft:dropped":{"minecraft:water_bucket":1,"minecraft:wheat_seeds":3,"minecraft:iron_helmet":1,"minecraft:cobblestone":6,"minecraft:stick":2,"minecraft:grass":3,"mcwwindows:white_curtain":4,"minecraft:wooden_axe":2,"minecraft:iron_leggings":1,"minecraft:spyglass":1,"minecraft:iron_boots":1,"minecraft:iron_chestplate":1,"minecraft:spider_eye":2}},"DataVersion":3465}