{"stats":{"minecraft:dropped":{"minecraft:water_bucket":1,"minecraft:spider_eye":1},"minecraft:used":{"minecraft:stone_pickaxe":12,"minecraft:spruce_planks":4,"minecraft:wooden_pickaxe":3,"minecraft:golden_apple":2,"minecraft:spyglass":11,"minecraft:crafting_table":4,"minecraft:raw_iron_block":12,"minecraft:note_block":1,"minecraft:spruce_log":1,"minecraft:wooden_axe":33,"minecraft:diamond_pickaxe":24,"minecraft:bread":16,"minecraft:diamond_sword":24,"minecraft:bucket":1},"minecraft:picked_up":{"minecraft:birch_log":7,"minecraft:crafting_table":2,"minecraft:leather":3,"evilcraft:flesh_humanoid":1,"minecraft:oak_log":3,"minecraft:wheat_seeds":2,"minecraft:beef":10,"minecraft:birch_sapling":4,"minecraft:raw_iron":10,"minecraft:stick":1,"minecraft:raw_iron_block":12,"minecraft:note_block":1,"minecraft:spruce_log":14,"minecraft:spider_eye":1,"minecraft:arrow":2,"minecraft:hay_block":5,"minecraft:oak_sapling":1,"minecraft:melon_seeds":3,"minecraft:coal":12,"minecraft:cobblestone":3},"minecraft:killed":{"minecraft:spider":1,"minecraft:creeper":1,"minecraft:skeleton":3,"minecraft:zombie":3,"minecraft:cow":4},"minecraft:mined":{"biomesoplenty:desert_grass":3,"minecraft:crafting_table":1,"minecraft:note_block":1,"minecraft:spruce_fence":1,"minecraft:cobblestone":3,"minecraft:hay_block":5,"minecraft:raw_iron_block":12,"minecraft:cobblestone_wall":1,"minecraft:birch_log":7,"minecraft:iron_ore":10,"minecraft:spruce_log":15,"minecraft:grass":15,"minecraft:oak_log":3,"minecraft:coal_ore":12},"minecraft:custom":{"minecraft:interact_with_furnace":21,"minecraft:mob_kills":12,"minecraft:interact_with_crafting_table":6,"minecraft:tune_noteblock":13,"vampirism:interact_with_research_table":3,"minecraft:open_barrel":5,"vampirism:interact_with_garlic_diffuser":2,"minecraft:leave_game":1,"minecraft:time_since_death":5175,"minecraft:sleep_in_bed":5,"minecraft:climb_one_cm":14361,"minecraft:time_since_rest":5247,"minecraft:sprint_one_cm":217920,"minecraft:walk_one_cm":124289,"minecraft:damage_taken":2085,"minecraft:damage_absorbed":80,"minecraft:drop":2,"minecraft:damage_dealt":2336,"minecraft:play_noteblock":1,"minecraft:swim_one_cm":19478,"minecraft:fly_one_cm":362750,"minecraft:player_kills":1,"minecraft:open_chest":16,"minecraft:crouch_one_cm":945,"minecraft:play_time":55928,"minecraft:deaths":4,"minecraft:sneak_time":780,"minecraft:walk_under_water_one_cm":862,"minecraft:jump":1324,"minecraft:walk_on_water_one_cm":3950,"minecraft:total_world_time":55928,"minecraft:fall_one_cm":49850},"minecraft:killed_by":{"minecraft:skeleton":2},"minecraft:crafted":{"minecraft:oak_planks":12,"minecraft:raw_iron":108,"minecraft:diamond_sword":1,"minecraft:crafting_table":2,"minecraft:spruce_planks":52,"minecraft:wooden_pickaxe":1,"minecraft:bucket":1,"minecraft:bread":15,"minecraft:air":0,"minecraft:diamond_pickaxe":1,"minecraft:stick":8,"minecraft:iron_ingot":43,"minecraft:stone_pickaxe":1,"minecraft:wooden_axe":1,"minecraft:wheat":45}},"DataVersion":3465}