{"stats":{"minecraft:dropped":{"minecraft:water_bucket":1,"minecraft:spider_eye":2},"minecraft:used":{"minecraft:stone_pickaxe":12,"minecraft:spruce_planks":4,"minecraft:wooden_pickaxe":3,"minecraft:golden_apple":3,"minecraft:spyglass":11,"minecraft:crafting_table":4,"minecraft:note_block":1,"minecraft:raw_iron_block":12,"minecraft:spruce_log":1,"minecraft:wooden_axe":33,"minecraft:diamond_pickaxe":48,"minecraft:bread":18,"minecraft:diamond_sword":36,"minecraft:bucket":1},"minecraft:picked_up":{"minecraft:birch_log":7,"minecraft:crafting_table":2,"minecraft:leather":3,"evilcraft:flesh_humanoid":1,"minecraft:oak_log":3,"minecraft:wheat_seeds":2,"minecraft:beef":10,"minecraft:birch_sapling":4,"minecraft:raw_iron":15,"minecraft:stick":1,"minecraft:raw_iron_block":12,"minecraft:note_block":1,"vampirism:crucifix_normal":1,"minecraft:spruce_log":14,"minecraft:spider_eye":2,"minecraft:arrow":2,"minecraft:hay_block":5,"minecraft:oak_sapling":1,"minecraft:melon_seeds":3,"minecraft:coal":18,"minecraft:cobblestone":14},"minecraft:killed":{"minecraft:spider":2,"minecraft:creeper":1,"minecraft:skeleton":5,"minecraft:zombie":4,"minecraft:cow":4},"minecraft:mined":{"biomesoplenty:desert_grass":3,"minecraft:crafting_table":1,"minecraft:note_block":1,"minecraft:spruce_fence":1,"minecraft:cobblestone":3,"minecraft:hay_block":5,"minecraft:raw_iron_block":12,"minecraft:cobblestone_wall":1,"minecraft:birch_log":7,"minecraft:iron_ore":15,"minecraft:spruce_log":15,"minecraft:andesite":1,"minecraft:grass":15,"minecraft:oak_log":3,"minecraft:coal_ore":18,"minecraft:stone":12,"minecraft:fern":1},"minecraft:custom":{"minecraft:interact_with_furnace":21,"minecraft:mob_kills":16,"minecraft:interact_with_crafting_table":6,"minecraft:tune_noteblock":13,"vampirism:interact_with_research_table":8,"minecraft:open_barrel":10,"vampirism:interact_with_garlic_diffuser":3,"minecraft:leave_game":2,"minecraft:time_since_death":13672,"minecraft:sleep_in_bed":7,"minecraft:climb_one_cm":18678,"minecraft:time_since_rest":4986,"minecraft:sprint_one_cm":238264,"minecraft:walk_one_cm":154298,"minecraft:damage_taken":2340,"minecraft:damage_absorbed":120,"minecraft:drop":3,"minecraft:damage_dealt":2917,"minecraft:play_noteblock":1,"minecraft:swim_one_cm":21038,"minecraft:fly_one_cm":382688,"minecraft:player_kills":1,"minecraft:open_chest":24,"minecraft:crouch_one_cm":1035,"minecraft:play_time":64425,"minecraft:deaths":4,"minecraft:sneak_time":844,"minecraft:walk_under_water_one_cm":1806,"minecraft:jump":1439,"minecraft:walk_on_water_one_cm":7808,"minecraft:total_world_time":64425,"minecraft:fall_one_cm":55012},"minecraft:killed_by":{"minecraft:skeleton":2},"minecraft:crafted":{"minecraft:oak_planks":12,"minecraft:raw_iron":108,"minecraft:diamond_sword":1,"minecraft:crafting_table":2,"minecraft:spruce_planks":52,"minecraft:wooden_pickaxe":1,"minecraft:bucket":1,"minecraft:bread":15,"minecraft:air":0,"minecraft:diamond_pickaxe":1,"minecraft:stick":12,"minecraft:iron_ingot":43,"minecraft:stone_pickaxe":1,"minecraft:wooden_axe":1,"minecraft:torch":16,"minecraft:wheat":45}},"DataVersion":3465}