{"stats":{"minecraft:dropped":{"minecraft:water_bucket":1,"minecraft:cobblestone":6,"minecraft:stick":2,"mcwwindows:white_curtain":1,"minecraft:wooden_axe":2,"minecraft:spider_eye":2},"minecraft:used":{"minecraft:stone_pickaxe":12,"minecraft:spruce_planks":4,"minecraft:wooden_pickaxe":3,"minecraft:torch":1,"minecraft:golden_apple":3,"minecraft:spyglass":11,"minecraft:crafting_table":6,"minecraft:note_block":1,"minecraft:raw_iron_block":12,"minecraft:spruce_log":1,"minecraft:wooden_axe":33,"minecraft:diamond_pickaxe":73,"minecraft:iron_axe":7,"minecraft:bread":24,"mcwwindows:white_curtain":6,"minecraft:diamond_sword":40,"minecraft:furnace":1,"minecraft:bucket":1},"minecraft:picked_up":{"minecraft:wooden_axe":1,"minecraft:birch_log":7,"minecraft:crafting_table":2,"minecraft:leather":5,"evilcraft:flesh_humanoid":1,"minecraft:oak_log":3,"minecraft:wheat_seeds":2,"minecraft:beef":14,"minecraft:birch_sapling":4,"minecraft:raw_iron":15,"minecraft:stick":1,"mcwwindows:white_curtain":4,"minecraft:raw_iron_block":12,"minecraft:note_block":1,"vampirism:crucifix_normal":1,"minecraft:spruce_log":14,"minecraft:spider_eye":2,"minecraft:arrow":2,"minecraft:hay_block":5,"minecraft:oak_sapling":1,"minecraft:melon_seeds":3,"minecraft:white_wool":3,"minecraft:coal":28,"minecraft:cobblestone":29},"minecraft:killed":{"minecraft:spider":2,"minecraft:creeper":1,"minecraft:skeleton":5,"minecraft:zombie":4,"minecraft:cow":6},"minecraft:mined":{"biomesoplenty:desert_grass":3,"minecraft:crafting_table":1,"minecraft:note_block":1,"minecraft:spruce_fence":1,"minecraft:cobblestone":3,"minecraft:hay_block":5,"minecraft:raw_iron_block":12,"mcwwindows:white_curtain":4,"minecraft:cobblestone_wall":1,"minecraft:birch_log":7,"minecraft:iron_ore":15,"minecraft:spruce_log":15,"minecraft:andesite":1,"biomesoplenty:fir_log":7,"minecraft:grass":15,"minecraft:oak_log":3,"minecraft:coal_ore":28,"minecraft:stone":27,"minecraft:fern":1},"minecraft:custom":{"minecraft:interact_with_furnace":24,"minecraft:mob_kills":18,"minecraft:interact_with_crafting_table":12,"minecraft:tune_noteblock":13,"vampirism:interact_with_research_table":9,"minecraft:open_barrel":11,"vampirism:interact_with_garlic_diffuser":3,"minecraft:leave_game":2,"minecraft:time_since_death":25672,"minecraft:sleep_in_bed":8,"minecraft:climb_one_cm":21444,"minecraft:time_since_rest":2277,"minecraft:sprint_one_cm":276420,"minecraft:walk_one_cm":174287,"minecraft:damage_taken":2465,"minecraft:damage_absorbed":120,"minecraft:drop":13,"minecraft:damage_dealt":3117,"minecraft:play_noteblock":1,"minecraft:swim_one_cm":21437,"minecraft:fly_one_cm":470711,"minecraft:player_kills":1,"minecraft:open_chest":29,"minecraft:crouch_one_cm":1151,"minecraft:play_time":76425,"minecraft:deaths":4,"minecraft:sneak_time":917,"minecraft:walk_under_water_one_cm":2272,"minecraft:jump":1777,"minecraft:walk_on_water_one_cm":10364,"minecraft:total_world_time":76425,"minecraft:fall_one_cm":71787},"minecraft:killed_by":{"minecraft:skeleton":2},"minecraft:crafted":{"minecraft:oak_planks":12,"minecraft:raw_iron":108,"minecraft:diamond_sword":1,"minecraft:crafting_table":4,"minecraft:spruce_planks":52,"minecraft:wooden_pickaxe":1,"minecraft:furnace":1,"minecraft:bucket":1,"minecraft:bread":15,"minecraft:air":0,"mcwwindows:white_curtain":3,"minecraft:diamond_pickaxe":1,"minecraft:iron_axe":1,"minecraft:stick":16,"minecraft:iron_ingot":43,"minecraft:stone_pickaxe":1,"minecraft:wooden_axe":1,"minecraft:torch":16,"minecraft:shears":1,"minecraft:wheat":45}},"DataVersion":3465}