{"stats":{"minecraft:used":{"minecraft:wooden_axe":17,"minecraft:wooden_pickaxe":2,"minecraft:wooden_sword":2,"minecraft:spyglass":2,"minecraft:beef":2,"minecraft:crafting_table":2},"minecraft:picked_up":{"minecraft:crafting_table":2,"minecraft:feather":4,"minecraft:chicken":2,"minecraft:acacia_log":11,"evilcraft:flesh_humanoid":1,"minecraft:spruce_log":2,"minecraft:stripped_acacia_log":2,"vampirism:basic_crossbow":1,"minecraft:wheat_seeds":9,"minecraft:beef":3,"minecraft:acacia_sapling":2},"minecraft:killed":{"minecraft:chicken":2,"minecraft:cow":2},"minecraft:mined":{"biomesoplenty:desert_grass":2,"minecraft:crafting_table":2,"minecraft:grass":7,"minecraft:acacia_log":11,"minecraft:stripped_acacia_log":2},"minecraft:custom":{"minecraft:time_since_rest":4282,"minecraft:sprint_one_cm":133485,"minecraft:damage_taken":469,"minecraft:walk_one_cm":40377,"minecraft:mob_kills":4,"minecraft:damage_dealt":477,"minecraft:swim_one_cm":5014,"minecraft:interact_with_crafting_table":2,"minecraft:fly_one_cm":62095,"vampirism:interact_with_research_table":1,"minecraft:open_chest":7,"minecraft:crouch_one_cm":1366,"minecraft:play_time":17035,"minecraft:deaths":2,"minecraft:sneak_time":564,"minecraft:walk_under_water_one_cm":719,"minecraft:jump":324,"minecraft:walk_on_water_one_cm":4900,"minecraft:time_since_death":4256,"minecraft:total_world_time":17035,"minecraft:climb_one_cm":1764,"minecraft:fall_one_cm":6147},"minecraft:killed_by":{"minecraft:skeleton":1,"minecraft:zombie":1},"minecraft:crafted":{"minecraft:wooden_sword":1,"minecraft:crafting_table":1,"minecraft:stick":8,"minecraft:wooden_pickaxe":1,"minecraft:wooden_axe":1,"minecraft:acacia_planks":44}},"DataVersion":3465}