{"stats":{"minecraft:dropped":{"minecraft:water_bucket":1,"minecraft:bread":1,"minecraft:wheat_seeds":3,"minecraft:feather":3,"vampirism:basic_crossbow":1,"minecraft:leather":3,"silentgear:knife_blueprint":1,"silentgear:shovel_blueprint":1,"minecraft:leather_helmet":1,"silentgear:rod_blueprint":1,"minecraft:dirt":2,"silentgear:machete_blueprint":1,"silentgear:shield_blueprint":1,"minecraft:wooden_axe":1,"minecraft:rose_bush":3,"minecraft:wooden_sword":1,"minecraft:stone_sword":3,"silentgear:pickaxe_blueprint":2,"minecraft:white_bed":1,"minecraft:poppy":1,"silentgear:axe_blueprint":1,"minecraft:acacia_sapling":2,"minecraft:spider_eye":2,"minecraft:arrow":1,"minecraft:wooden_pickaxe":2,"minecraft:egg":1},"minecraft:mined":{"minecraft:dark_oak_planks":1,"minecraft:white_bed":1,"silentgear:wild_flax_plant":2,"biomesoplenty:desert_grass":2,"minecraft:acacia_log":12,"minecraft:grass_block":9,"minecraft:spawner":1,"minecraft:furnace":1,"minecraft:stripped_acacia_log":2,"minecraft:stone":2,"minecraft:crafting_table":6,"minecraft:poppy":1,"minecraft:chest":2,"minecraft:rose_bush":2,"minecraft:tall_grass":15,"minecraft:cobblestone":21,"minecraft:oak_planks":2,"minecraft:blue_bed":1,"minecraft:grass":51,"minecraft:oak_log":3,"minecraft:dirt":2,"minecraft:oak_leaves":1},"minecraft:picked_up":{"silentgear:rod_blueprint":1,"minecraft:crafting_table":5,"minecraft:chicken":2,"silentgear:shield_blueprint":1,"silentgear:pickaxe_blueprint":2,"silentgear:nether_banana":2,"minecraft:crimson_trapdoor":3,"minecraft:string":3,"silentgear:sinew":2,"minecraft:item_frame":2,"minecraft:beef":14,"minecraft:rose_bush":3,"minecraft:poppy":1,"minecraft:chest":2,"minecraft:furnace":1,"minecraft:egg":2,"minecraft:stick":5,"minecraft:acacia_log":12,"silentgear:katana_blueprint":1,"minecraft:porkchop":9,"minecraft:dark_oak_planks":1,"minecraft:stone_sword":3,"minecraft:arrow":7,"minecraft:rotten_flesh":2,"minecraft:pumpkin_pie":1,"silentgear:axe_blueprint":1,"silentgear:shovel_blueprint":1,"minecraft:mutton":4,"silentgear:knife_blueprint":1,"minecraft:white_wool":2,"minecraft:cobblestone":22,"silentgear:flax_seeds":2,"minecraft:feather":8,"minecraft:cooked_beef":1,"minecraft:water_bucket":1,"minecraft:salmon":1,"minecraft:brown_wool":1,"minecraft:leather":5,"minecraft:oak_log":3,"evilcraft:flesh_humanoid":3,"minecraft:dirt":11,"minecraft:blue_bed":1,"bhc:red_heart":3,"minecraft:bone":7,"minecraft:acacia_planks":7,"minecraft:wheat_seeds":35,"guideapi_vp:vampirism-guidebook":1,"minecraft:cooked_chicken":1,"minecraft:acacia_sapling":2,"minecraft:oak_planks":1,"minecraft:crimson_stairs":2,"minecraft:white_bed":2,"minecraft:spruce_log":2,"minecraft:spider_eye":2,"minecraft:leather_helmet":1,"minecraft:stripped_acacia_log":2,"vampirism:basic_crossbow":2,"minecraft:gray_wool":1,"minecraft:bread":1},"minecraft:crafted":{"minecraft:wooden_sword":1,"minecraft:oak_planks":12,"minecraft:cooked_chicken":2,"minecraft:furnace":1,"minecraft:cooked_mutton":2,"minecraft:stone_pickaxe":1,"minecraft:dark_oak_planks":20,"minecraft:cooked_beef":8,"minecraft:cooked_porkchop":7,"minecraft:crafting_table":3,"minecraft:spruce_planks":28,"minecraft:wooden_pickaxe":1,"minecraft:air":0,"minecraft:stick":20,"minecraft:iron_ingot":4,"minecraft:wooden_axe":1,"minecraft:stone_sword":1,"minecraft:white_bed":3,"minecraft:acacia_planks":44},"minecraft:killed":{"vampirism:vampire":2,"minecraft:spider":2,"minecraft:skeleton":4,"minecraft:chicken":2,"minecraft:pig":5,"minecraft:sheep":4,"minecraft:zombie":2,"minecraft:cow":7},"minecraft:custom":{"minecraft:interact_with_smithing_table":2,"minecraft:mob_kills":30,"minecraft:interact_with_crafting_table":11,"minecraft:damage_dealt_resisted":160,"minecraft:leave_game":4,"minecraft:time_since_death":6177,"minecraft:climb_one_cm":22675,"minecraft:sprint_one_cm":693784,"minecraft:walk_one_cm":287058,"minecraft:damage_blocked_by_shield":195,"vampirism:interact_with_totem":1,"minecraft:drop":41,"minecraft:play_noteblock":43,"minecraft:play_time":112414,"minecraft:deaths":16,"minecraft:sneak_time":3156,"minecraft:walk_under_water_one_cm":6653,"minecraft:jump":2217,"minecraft:walk_on_water_one_cm":29736,"minecraft:total_world_time":112414,"minecraft:interact_with_furnace":29,"minecraft:tune_noteblock":80,"vampirism:interact_with_research_table":1,"minecraft:sleep_in_bed":5,"minecraft:time_since_rest":4629,"minecraft:damage_taken":6200,"minecraft:damage_dealt":6261,"minecraft:swim_one_cm":32941,"minecraft:fly_one_cm":374546,"minecraft:player_kills":2,"minecraft:open_chest":20,"minecraft:crouch_one_cm":8873,"minecraft:fall_one_cm":61537},"minecraft:killed_by":{"minecraft:player":6,"minecraft:creeper":1,"minecraft:spider":1,"minecraft:skeleton":4,"minecraft:zombie":2},"minecraft:used":{"minecraft:stone_sword":50,"minecraft:shield":7,"minecraft:iron_sword":44,"minecraft:cooked_chicken":2,"minecraft:dirt":7,"minecraft:spyglass":35,"minecraft:mutton":4,"minecraft:wooden_axe":26,"minecraft:dark_oak_planks":116,"minecraft:iron_axe":10,"evilcraft:flesh_humanoid":1,"minecraft:beef":3,"minecraft:furnace":1,"minecraft:egg":1,"minecraft:cooked_beef":5,"minecraft:acacia_planks":2,"minecraft:cooked_mutton":1,"minecraft:stone_pickaxe":3,"minecraft:oak_planks":1,"minecraft:wooden_pickaxe":24,"minecraft:crafting_table":5,"minecraft:white_bed":4,"minecraft:bread":20,"minecraft:stone_axe":2,"minecraft:wooden_sword":23,"minecraft:porkchop":8}},"DataVersion":3465}