{"stats":{"minecraft:dropped":{"minecraft:water_bucket":1,"minecraft:bread":1,"minecraft:porkchop":1,"minecraft:wheat_seeds":3,"minecraft:feather":3,"vampirism:basic_crossbow":1,"minecraft:leather":3,"silentgear:knife_blueprint":1,"silentgear:flax_seeds":2,"silentgear:sinew":2,"silentgear:shovel_blueprint":1,"minecraft:leather_helmet":1,"silentgear:rod_blueprint":1,"minecraft:dirt":3,"minecraft:gray_wool":1,"silentgear:machete_blueprint":1,"silentgear:shield_blueprint":1,"minecraft:wooden_axe":1,"minecraft:rose_bush":3,"minecraft:brown_wool":1,"minecraft:wooden_sword":1,"minecraft:string":4,"minecraft:white_wool":2,"minecraft:stone_sword":3,"silentgear:pickaxe_blueprint":2,"minecraft:white_bed":2,"minecraft:poppy":1,"silentgear:axe_blueprint":1,"minecraft:acacia_sapling":2,"minecraft:spider_eye":2,"minecraft:arrow":1,"minecraft:wooden_pickaxe":2,"minecraft:egg":1},"minecraft:mined":{"minecraft:dark_oak_planks":1,"minecraft:white_bed":2,"silentgear:wild_flax_plant":2,"biomesoplenty:desert_grass":2,"minecraft:acacia_log":12,"minecraft:grass_block":24,"minecraft:spawner":1,"minecraft:furnace":1,"minecraft:stripped_acacia_log":2,"minecraft:stone":2,"minecraft:crafting_table":6,"minecraft:poppy":1,"minecraft:chest":2,"minecraft:rose_bush":2,"minecraft:tall_grass":15,"minecraft:cobblestone":21,"minecraft:oak_planks":2,"minecraft:blue_bed":1,"minecraft:grass":51,"minecraft:oak_log":3,"minecraft:dirt":35,"minecraft:oak_leaves":1},"minecraft:picked_up":{"silentgear:rod_blueprint":1,"minecraft:crafting_table":5,"minecraft:chicken":2,"silentgear:shield_blueprint":1,"silentgear:pickaxe_blueprint":2,"silentgear:nether_banana":2,"minecraft:crimson_trapdoor":3,"minecraft:string":5,"silentgear:sinew":4,"minecraft:item_frame":2,"minecraft:beef":14,"minecraft:rose_bush":3,"minecraft:poppy":1,"minecraft:chest":2,"minecraft:furnace":1,"minecraft:egg":2,"minecraft:stick":5,"minecraft:acacia_log":12,"silentgear:katana_blueprint":1,"minecraft:porkchop":10,"minecraft:dark_oak_planks":1,"minecraft:stone_sword":3,"minecraft:arrow":10,"minecraft:rotten_flesh":2,"minecraft:pumpkin_pie":1,"silentgear:axe_blueprint":1,"silentgear:shovel_blueprint":1,"minecraft:mutton":4,"silentgear:knife_blueprint":1,"minecraft:white_wool":4,"minecraft:cobblestone":22,"silentgear:flax_seeds":4,"minecraft:feather":8,"minecraft:cooked_beef":1,"minecraft:water_bucket":1,"minecraft:salmon":1,"minecraft:brown_wool":2,"minecraft:leather":5,"minecraft:oak_log":3,"evilcraft:flesh_humanoid":3,"minecraft:dirt":58,"minecraft:blue_bed":1,"bhc:red_heart":3,"minecraft:bone":11,"minecraft:acacia_planks":7,"minecraft:bow":1,"minecraft:wheat_seeds":35,"guideapi_vp:vampirism-guidebook":1,"minecraft:cooked_chicken":1,"minecraft:acacia_sapling":2,"minecraft:oak_planks":1,"minecraft:crimson_stairs":2,"minecraft:white_bed":3,"minecraft:spruce_log":2,"minecraft:spider_eye":2,"minecraft:leather_helmet":1,"minecraft:stripped_acacia_log":2,"vampirism:basic_crossbow":2,"minecraft:gray_wool":2,"minecraft:bread":1},"minecraft:crafted":{"minecraft:wooden_sword":1,"minecraft:oak_planks":12,"minecraft:cooked_chicken":2,"minecraft:furnace":1,"minecraft:cooked_mutton":2,"minecraft:stone_pickaxe":1,"minecraft:dark_oak_planks":20,"minecraft:cooked_beef":8,"minecraft:cooked_porkchop":7,"minecraft:crafting_table":3,"minecraft:spruce_planks":28,"minecraft:wooden_pickaxe":1,"minecraft:air":0,"minecraft:stick":20,"minecraft:iron_ingot":4,"minecraft:wooden_axe":1,"minecraft:stone_sword":1,"minecraft:white_bed":3,"minecraft:acacia_planks":44},"minecraft:killed":{"vampirism:vampire":2,"minecraft:spider":2,"minecraft:skeleton":6,"minecraft:chicken":2,"minecraft:pig":5,"minecraft:sheep":4,"minecraft:zombie":2,"minecraft:wither_skeleton":1,"minecraft:cow":7},"minecraft:custom":{"minecraft:interact_with_smithing_table":2,"minecraft:mob_kills":33,"minecraft:interact_with_crafting_table":11,"minecraft:damage_dealt_resisted":160,"minecraft:leave_game":4,"minecraft:time_since_death":1937,"minecraft:climb_one_cm":24155,"minecraft:sprint_one_cm":758972,"minecraft:walk_one_cm":323860,"minecraft:damage_blocked_by_shield":195,"vampirism:interact_with_totem":1,"minecraft:drop":56,"minecraft:play_noteblock":43,"minecraft:play_time":124414,"minecraft:deaths":20,"minecraft:sneak_time":3570,"minecraft:walk_under_water_one_cm":7499,"minecraft:jump":2430,"minecraft:walk_on_water_one_cm":29914,"minecraft:total_world_time":124414,"minecraft:interact_with_furnace":29,"minecraft:tune_noteblock":80,"vampirism:interact_with_research_table":1,"minecraft:sleep_in_bed":5,"minecraft:time_since_rest":1995,"minecraft:damage_taken":7373,"minecraft:damage_dealt":6679,"minecraft:swim_one_cm":32941,"minecraft:fly_one_cm":401159,"minecraft:player_kills":2,"minecraft:open_chest":25,"minecraft:crouch_one_cm":10409,"minecraft:fall_one_cm":71140},"minecraft:killed_by":{"minecraft:player":6,"minecraft:wither_skeleton":1,"minecraft:creeper":1,"minecraft:spider":1,"minecraft:skeleton":6,"minecraft:zombie":2},"minecraft:used":{"minecraft:stone_sword":50,"minecraft:shield":7,"minecraft:iron_sword":53,"minecraft:cooked_chicken":3,"minecraft:dirt":54,"minecraft:spyglass":35,"minecraft:mutton":4,"minecraft:wooden_axe":26,"minecraft:dark_oak_planks":116,"minecraft:iron_axe":10,"evilcraft:flesh_humanoid":1,"minecraft:beef":3,"minecraft:furnace":1,"minecraft:egg":1,"minecraft:cooked_beef":5,"minecraft:acacia_planks":2,"minecraft:cooked_mutton":1,"minecraft:stone_pickaxe":3,"minecraft:oak_planks":1,"minecraft:wooden_pickaxe":24,"minecraft:crafting_table":5,"minecraft:white_bed":4,"minecraft:bread":21,"minecraft:stone_axe":2,"minecraft:wooden_sword":23,"minecraft:porkchop":8}},"DataVersion":3465}