{"stats":{"minecraft:dropped":{"minecraft:water_bucket":1,"minecraft:bread":1,"minecraft:stone_sword":3,"minecraft:feather":3,"vampirism:basic_crossbow":1,"minecraft:leather":3,"silentgear:pickaxe_blueprint":2,"silentgear:knife_blueprint":1,"minecraft:white_bed":1,"silentgear:shovel_blueprint":1,"minecraft:leather_helmet":1,"silentgear:rod_blueprint":1,"minecraft:poppy":1,"minecraft:dirt":2,"silentgear:machete_blueprint":1,"silentgear:axe_blueprint":1,"silentgear:shield_blueprint":1,"minecraft:wooden_axe":1,"minecraft:rose_bush":3,"minecraft:acacia_sapling":2,"minecraft:wooden_sword":1,"minecraft:spider_eye":2,"minecraft:arrow":1,"minecraft:wooden_pickaxe":2,"minecraft:egg":1},"minecraft:mined":{"minecraft:dark_oak_planks":1,"minecraft:white_bed":1,"biomesoplenty:desert_grass":2,"minecraft:crafting_table":5,"minecraft:acacia_log":11,"minecraft:poppy":1,"minecraft:grass_block":5,"minecraft:chest":2,"minecraft:rose_bush":2,"minecraft:cobblestone":21,"minecraft:oak_planks":2,"minecraft:blue_bed":1,"minecraft:spawner":1,"minecraft:furnace":1,"minecraft:grass":13,"minecraft:oak_log":3,"minecraft:stripped_acacia_log":2,"minecraft:stone":2,"minecraft:oak_leaves":1},"minecraft:picked_up":{"silentgear:rod_blueprint":1,"minecraft:crafting_table":4,"minecraft:feather":8,"minecraft:cooked_beef":1,"minecraft:chicken":2,"minecraft:water_bucket":1,"minecraft:salmon":1,"minecraft:leather":3,"silentgear:shield_blueprint":1,"silentgear:pickaxe_blueprint":2,"silentgear:nether_banana":2,"minecraft:crimson_trapdoor":3,"minecraft:oak_log":3,"evilcraft:flesh_humanoid":3,"minecraft:dirt":5,"minecraft:blue_bed":1,"minecraft:string":1,"minecraft:item_frame":2,"bhc:red_heart":3,"minecraft:bone":5,"minecraft:acacia_planks":7,"minecraft:wheat_seeds":30,"guideapi_vp:vampirism-guidebook":1,"minecraft:beef":11,"minecraft:cooked_chicken":1,"minecraft:rose_bush":3,"minecraft:poppy":1,"minecraft:oak_planks":1,"minecraft:chest":2,"minecraft:acacia_sapling":2,"minecraft:furnace":1,"minecraft:egg":2,"minecraft:stick":5,"minecraft:acacia_log":11,"silentgear:katana_blueprint":1,"minecraft:crimson_stairs":2,"minecraft:porkchop":4,"minecraft:white_bed":2,"minecraft:spruce_log":2,"minecraft:leather_helmet":1,"minecraft:spider_eye":2,"minecraft:dark_oak_planks":1,"minecraft:stripped_acacia_log":2,"minecraft:stone_sword":3,"minecraft:arrow":3,"minecraft:rotten_flesh":2,"vampirism:basic_crossbow":2,"minecraft:pumpkin_pie":1,"silentgear:axe_blueprint":1,"silentgear:shovel_blueprint":1,"minecraft:bread":1,"silentgear:knife_blueprint":1,"minecraft:cobblestone":22},"minecraft:crafted":{"minecraft:cooked_beef":8,"minecraft:wooden_sword":1,"minecraft:oak_planks":12,"minecraft:cooked_porkchop":7,"minecraft:crafting_table":2,"minecraft:spruce_planks":28,"minecraft:cooked_chicken":2,"minecraft:wooden_pickaxe":1,"minecraft:furnace":1,"minecraft:cooked_mutton":2,"minecraft:air":0,"minecraft:stick":20,"minecraft:iron_ingot":4,"minecraft:stone_pickaxe":1,"minecraft:wooden_axe":1,"minecraft:stone_sword":1,"minecraft:white_bed":2,"minecraft:acacia_planks":44,"minecraft:dark_oak_planks":20},"minecraft:killed":{"vampirism:vampire":2,"minecraft:pig":2,"minecraft:spider":1,"minecraft:skeleton":2,"minecraft:zombie":2,"minecraft:chicken":2,"minecraft:cow":6},"minecraft:custom":{"minecraft:interact_with_furnace":29,"minecraft:mob_kills":18,"minecraft:interact_with_crafting_table":10,"vampirism:interact_with_research_table":1,"minecraft:tune_noteblock":80,"minecraft:damage_dealt_resisted":160,"minecraft:leave_game":3,"minecraft:time_since_death":466,"minecraft:sleep_in_bed":3,"minecraft:climb_one_cm":21630,"minecraft:time_since_rest":488,"minecraft:sprint_one_cm":539783,"minecraft:damage_taken":4818,"minecraft:walk_one_cm":228284,"minecraft:damage_blocked_by_shield":110,"minecraft:drop":38,"vampirism:interact_with_totem":1,"minecraft:damage_dealt":3577,"minecraft:play_noteblock":43,"minecraft:swim_one_cm":11293,"minecraft:fly_one_cm":237010,"minecraft:player_kills":2,"minecraft:open_chest":20,"minecraft:crouch_one_cm":7678,"minecraft:play_time":90027,"minecraft:deaths":12,"minecraft:sneak_time":2710,"minecraft:walk_under_water_one_cm":4518,"minecraft:jump":1549,"minecraft:walk_on_water_one_cm":18438,"minecraft:total_world_time":90027,"minecraft:fall_one_cm":47928,"minecraft:interact_with_smithing_table":2},"minecraft:killed_by":{"minecraft:player":6,"minecraft:skeleton":2,"minecraft:creeper":1,"minecraft:zombie":1},"minecraft:used":{"minecraft:cooked_mutton":1,"minecraft:stone_sword":50,"minecraft:stone_pickaxe":3,"minecraft:wooden_pickaxe":24,"minecraft:shield":4,"minecraft:iron_sword":2,"minecraft:cooked_chicken":2,"minecraft:dirt":3,"minecraft:spyglass":35,"minecraft:crafting_table":4,"minecraft:white_bed":3,"minecraft:wooden_axe":26,"minecraft:dark_oak_planks":94,"minecraft:iron_axe":2,"minecraft:bread":15,"evilcraft:flesh_humanoid":1,"minecraft:wooden_sword":23,"minecraft:stone_axe":2,"minecraft:beef":3,"minecraft:furnace":1,"minecraft:porkchop":4,"minecraft:egg":1,"minecraft:cooked_beef":5,"minecraft:acacia_planks":2}},"DataVersion":3465}