{"stats":{"minecraft:used":{"minecraft:beef":1},"minecraft:picked_up":{"minecraft:beef":3,"minecraft:wheat_seeds":1},"minecraft:killed":{"minecraft:cow":2},"minecraft:mined":{"minecraft:grass":3,"biomesoplenty:desert_grass":1},"minecraft:custom":{"minecraft:jump":113,"minecraft:open_chest":1,"minecraft:time_since_rest":5035,"minecraft:damage_dealt":175,"minecraft:crouch_one_cm":759,"minecraft:walk_on_water_one_cm":2574,"minecraft:sprint_one_cm":22929,"minecraft:play_time":5035,"minecraft:damage_taken":154,"minecraft:time_since_death":5035,"minecraft:walk_one_cm":17373,"minecraft:sneak_time":189,"minecraft:total_world_time":5035,"minecraft:walk_under_water_one_cm":507,"minecraft:mob_kills":2,"minecraft:fall_one_cm":1730,"minecraft:fly_one_cm":20824}},"DataVersion":3465}