{"stats":{"minecraft:dropped":{"minecraft:water_bucket":1,"minecraft:stone_sword":3,"minecraft:feather":3,"vampirism:basic_crossbow":1,"minecraft:leather":3,"silentgear:pickaxe_blueprint":2,"silentgear:knife_blueprint":1,"minecraft:white_bed":1,"silentgear:shovel_blueprint":1,"silentgear:rod_blueprint":1,"minecraft:poppy":1,"minecraft:dirt":2,"silentgear:machete_blueprint":1,"silentgear:axe_blueprint":1,"silentgear:shield_blueprint":1,"minecraft:wooden_axe":1,"minecraft:acacia_sapling":2,"minecraft:wooden_sword":1,"minecraft:spider_eye":2,"minecraft:wooden_pickaxe":2,"minecraft:egg":1},"minecraft:mined":{"minecraft:dark_oak_planks":1,"minecraft:white_bed":1,"biomesoplenty:desert_grass":2,"minecraft:crafting_table":5,"minecraft:poppy":1,"minecraft:acacia_log":11,"minecraft:grass_block":5,"minecraft:chest":2,"minecraft:cobblestone":21,"minecraft:blue_bed":1,"minecraft:furnace":1,"minecraft:grass":13,"minecraft:oak_log":3,"minecraft:stripped_acacia_log":2,"minecraft:oak_leaves":1},"minecraft:picked_up":{"silentgear:rod_blueprint":1,"minecraft:crafting_table":4,"minecraft:feather":8,"minecraft:chicken":2,"minecraft:water_bucket":1,"minecraft:leather":3,"silentgear:shield_blueprint":1,"silentgear:pickaxe_blueprint":2,"silentgear:nether_banana":2,"minecraft:oak_log":3,"evilcraft:flesh_humanoid":3,"minecraft:dirt":5,"minecraft:blue_bed":1,"minecraft:string":1,"minecraft:acacia_planks":7,"bhc:red_heart":3,"minecraft:bone":5,"minecraft:wheat_seeds":30,"guideapi_vp:vampirism-guidebook":1,"minecraft:beef":11,"minecraft:poppy":1,"minecraft:chest":2,"minecraft:acacia_sapling":2,"minecraft:furnace":1,"minecraft:egg":2,"minecraft:stick":5,"minecraft:acacia_log":11,"silentgear:katana_blueprint":1,"minecraft:porkchop":4,"minecraft:white_bed":2,"minecraft:spruce_log":2,"minecraft:spider_eye":2,"minecraft:dark_oak_planks":1,"minecraft:rotten_flesh":2,"minecraft:stripped_acacia_log":2,"minecraft:stone_sword":3,"minecraft:arrow":3,"vampirism:basic_crossbow":2,"silentgear:axe_blueprint":1,"silentgear:shovel_blueprint":1,"silentgear:knife_blueprint":1,"minecraft:cobblestone":21},"minecraft:crafted":{"minecraft:cooked_beef":8,"minecraft:wooden_sword":1,"minecraft:oak_planks":12,"minecraft:crafting_table":2,"minecraft:spruce_planks":28,"minecraft:cooked_chicken":2,"minecraft:wooden_pickaxe":1,"minecraft:furnace":1,"minecraft:air":0,"minecraft:stick":20,"minecraft:iron_ingot":4,"minecraft:stone_pickaxe":1,"minecraft:wooden_axe":1,"minecraft:stone_sword":1,"minecraft:white_bed":2,"minecraft:acacia_planks":44,"minecraft:dark_oak_planks":20},"minecraft:killed":{"vampirism:vampire":2,"minecraft:pig":2,"minecraft:spider":1,"minecraft:skeleton":2,"minecraft:zombie":2,"minecraft:chicken":2,"minecraft:cow":6},"minecraft:custom":{"minecraft:interact_with_furnace":8,"minecraft:mob_kills":18,"minecraft:interact_with_crafting_table":10,"vampirism:interact_with_research_table":1,"minecraft:tune_noteblock":80,"minecraft:damage_dealt_resisted":160,"minecraft:leave_game":3,"minecraft:time_since_death":19861,"minecraft:sleep_in_bed":3,"minecraft:climb_one_cm":18612,"minecraft:time_since_rest":8677,"minecraft:sprint_one_cm":516719,"minecraft:damage_taken":4504,"minecraft:walk_one_cm":204643,"minecraft:damage_blocked_by_shield":110,"vampirism:interact_with_totem":1,"minecraft:drop":32,"minecraft:damage_dealt":3454,"minecraft:play_noteblock":43,"minecraft:swim_one_cm":11293,"minecraft:fly_one_cm":226491,"minecraft:player_kills":2,"minecraft:open_chest":11,"minecraft:crouch_one_cm":6244,"minecraft:play_time":80185,"minecraft:deaths":11,"minecraft:sneak_time":2280,"minecraft:walk_under_water_one_cm":4518,"minecraft:jump":1467,"minecraft:walk_on_water_one_cm":18438,"minecraft:total_world_time":80185,"minecraft:fall_one_cm":46108},"minecraft:killed_by":{"minecraft:player":6,"minecraft:skeleton":1,"minecraft:creeper":1,"minecraft:zombie":1},"minecraft:used":{"minecraft:stone_sword":50,"minecraft:shield":4,"minecraft:wooden_pickaxe":24,"minecraft:cooked_chicken":2,"minecraft:dirt":3,"minecraft:spyglass":35,"minecraft:crafting_table":4,"minecraft:white_bed":3,"minecraft:dark_oak_planks":94,"minecraft:wooden_axe":26,"minecraft:bread":13,"evilcraft:flesh_humanoid":1,"minecraft:stone_axe":2,"minecraft:wooden_sword":23,"minecraft:beef":3,"minecraft:furnace":1,"minecraft:porkchop":4,"minecraft:cooked_beef":5,"minecraft:acacia_planks":2}},"DataVersion":3465}