{"stats":{"minecraft:dropped":{"minecraft:stone_sword":3,"silentgear:pickaxe_blueprint":1,"minecraft:dirt":2,"minecraft:wooden_sword":1,"minecraft:wooden_pickaxe":1},"minecraft:used":{"minecraft:stone_sword":4,"minecraft:wooden_pickaxe":24,"minecraft:cooked_chicken":2,"minecraft:dirt":2,"minecraft:spyglass":6,"minecraft:crafting_table":3,"minecraft:wooden_axe":26,"minecraft:wooden_sword":23,"minecraft:beef":3,"minecraft:furnace":1,"minecraft:porkchop":4,"minecraft:cooked_beef":3,"minecraft:acacia_planks":2},"minecraft:picked_up":{"minecraft:crafting_table":3,"minecraft:feather":4,"minecraft:chicken":2,"minecraft:leather":3,"silentgear:pickaxe_blueprint":1,"evilcraft:flesh_humanoid":1,"minecraft:oak_log":3,"minecraft:blue_bed":1,"minecraft:dirt":4,"bhc:red_heart":1,"minecraft:acacia_planks":7,"minecraft:wheat_seeds":10,"minecraft:beef":11,"minecraft:chest":2,"minecraft:acacia_sapling":2,"minecraft:furnace":1,"minecraft:egg":1,"minecraft:acacia_log":11,"minecraft:porkchop":4,"minecraft:spruce_log":2,"minecraft:stripped_acacia_log":2,"minecraft:stone_sword":3,"vampirism:basic_crossbow":1,"minecraft:cobblestone":21},"minecraft:killed":{"minecraft:pig":2,"minecraft:spider":1,"minecraft:chicken":2,"minecraft:cow":6},"minecraft:mined":{"biomesoplenty:desert_grass":2,"minecraft:crafting_table":4,"minecraft:acacia_log":11,"minecraft:grass_block":2,"minecraft:chest":2,"minecraft:cobblestone":21,"minecraft:blue_bed":1,"minecraft:furnace":1,"minecraft:grass":8,"minecraft:oak_log":3,"minecraft:stripped_acacia_log":2},"minecraft:custom":{"minecraft:interact_with_furnace":8,"minecraft:mob_kills":11,"minecraft:tune_noteblock":15,"vampirism:interact_with_research_table":1,"minecraft:interact_with_crafting_table":7,"minecraft:time_since_death":1367,"minecraft:sleep_in_bed":2,"minecraft:climb_one_cm":9630,"minecraft:time_since_rest":1394,"minecraft:sprint_one_cm":339133,"minecraft:damage_taken":1034,"minecraft:walk_one_cm":102049,"minecraft:drop":8,"minecraft:damage_dealt":1298,"minecraft:swim_one_cm":7360,"minecraft:fly_one_cm":119791,"minecraft:open_chest":10,"minecraft:crouch_one_cm":4354,"minecraft:play_time":41035,"minecraft:deaths":3,"minecraft:sneak_time":1568,"minecraft:walk_under_water_one_cm":745,"minecraft:jump":686,"minecraft:walk_on_water_one_cm":8702,"minecraft:total_world_time":41035,"minecraft:fall_one_cm":14017},"minecraft:killed_by":{"minecraft:player":1,"minecraft:skeleton":1,"minecraft:zombie":1},"minecraft:crafted":{"minecraft:cooked_beef":8,"minecraft:wooden_sword":1,"minecraft:oak_planks":12,"minecraft:crafting_table":1,"minecraft:spruce_planks":8,"minecraft:wooden_pickaxe":1,"minecraft:cooked_chicken":2,"minecraft:furnace":1,"minecraft:air":0,"minecraft:stick":20,"minecraft:iron_ingot":4,"minecraft:stone_pickaxe":1,"minecraft:wooden_axe":1,"minecraft:stone_sword":1,"minecraft:acacia_planks":44}},"DataVersion":3465}