{"stats":{"minecraft:dropped":{"minecraft:water_bucket":1,"minecraft:stone_sword":3,"minecraft:feather":3,"vampirism:basic_crossbow":1,"minecraft:leather":3,"silentgear:pickaxe_blueprint":2,"silentgear:knife_blueprint":1,"silentgear:shovel_blueprint":1,"silentgear:rod_blueprint":1,"minecraft:dirt":2,"silentgear:machete_blueprint":1,"silentgear:axe_blueprint":1,"silentgear:shield_blueprint":1,"minecraft:acacia_sapling":2,"minecraft:wooden_sword":1,"minecraft:spider_eye":2,"minecraft:wooden_pickaxe":1,"minecraft:egg":1},"minecraft:mined":{"biomesoplenty:desert_grass":2,"minecraft:crafting_table":4,"minecraft:acacia_log":11,"minecraft:grass_block":4,"minecraft:chest":2,"minecraft:cobblestone":21,"minecraft:blue_bed":1,"minecraft:furnace":1,"minecraft:grass":9,"minecraft:oak_log":3,"minecraft:stripped_acacia_log":2,"minecraft:oak_leaves":1},"minecraft:picked_up":{"silentgear:rod_blueprint":1,"minecraft:crafting_table":3,"minecraft:feather":8,"minecraft:chicken":2,"minecraft:water_bucket":1,"minecraft:leather":3,"silentgear:shield_blueprint":1,"silentgear:pickaxe_blueprint":2,"silentgear:nether_banana":2,"minecraft:oak_log":3,"evilcraft:flesh_humanoid":3,"minecraft:dirt":4,"minecraft:blue_bed":1,"minecraft:string":1,"minecraft:acacia_planks":7,"bhc:red_heart":3,"minecraft:bone":3,"minecraft:wheat_seeds":30,"guideapi_vp:vampirism-guidebook":1,"minecraft:beef":11,"minecraft:chest":2,"minecraft:acacia_sapling":2,"minecraft:furnace":1,"minecraft:egg":1,"minecraft:stick":5,"minecraft:acacia_log":11,"silentgear:katana_blueprint":1,"minecraft:porkchop":4,"minecraft:spruce_log":2,"minecraft:spider_eye":2,"minecraft:stripped_acacia_log":2,"minecraft:stone_sword":3,"minecraft:arrow":2,"vampirism:basic_crossbow":2,"silentgear:axe_blueprint":1,"silentgear:shovel_blueprint":1,"silentgear:knife_blueprint":1,"minecraft:cobblestone":21},"minecraft:crafted":{"minecraft:cooked_beef":8,"minecraft:wooden_sword":1,"minecraft:oak_planks":12,"minecraft:crafting_table":1,"minecraft:spruce_planks":8,"minecraft:cooked_chicken":2,"minecraft:wooden_pickaxe":1,"minecraft:furnace":1,"minecraft:air":0,"minecraft:stick":20,"minecraft:iron_ingot":4,"minecraft:stone_pickaxe":1,"minecraft:wooden_axe":1,"minecraft:stone_sword":1,"minecraft:acacia_planks":44},"minecraft:killed":{"vampirism:vampire":2,"minecraft:pig":2,"minecraft:spider":1,"minecraft:chicken":2,"minecraft:cow":6},"minecraft:custom":{"minecraft:interact_with_furnace":8,"minecraft:mob_kills":14,"minecraft:interact_with_crafting_table":7,"vampirism:interact_with_research_table":1,"minecraft:tune_noteblock":80,"minecraft:damage_dealt_resisted":160,"minecraft:leave_game":2,"minecraft:time_since_death":7925,"minecraft:sleep_in_bed":2,"minecraft:climb_one_cm":17664,"minecraft:time_since_rest":7960,"minecraft:sprint_one_cm":479534,"minecraft:damage_taken":3959,"minecraft:walk_one_cm":178164,"vampirism:interact_with_totem":1,"minecraft:drop":28,"minecraft:damage_dealt":2658,"minecraft:play_noteblock":43,"minecraft:swim_one_cm":11293,"minecraft:fly_one_cm":199046,"minecraft:player_kills":2,"minecraft:open_chest":10,"minecraft:crouch_one_cm":5264,"minecraft:play_time":68249,"minecraft:deaths":11,"minecraft:sneak_time":2037,"minecraft:walk_under_water_one_cm":4518,"minecraft:jump":1199,"minecraft:walk_on_water_one_cm":17175,"minecraft:total_world_time":68249,"minecraft:fall_one_cm":38221},"minecraft:killed_by":{"minecraft:player":6,"minecraft:skeleton":1,"minecraft:creeper":1,"minecraft:zombie":1},"minecraft:used":{"minecraft:stone_sword":29,"minecraft:wooden_pickaxe":24,"minecraft:cooked_chicken":2,"minecraft:dirt":2,"minecraft:spyglass":35,"minecraft:crafting_table":3,"minecraft:dark_oak_planks":9,"minecraft:wooden_axe":26,"minecraft:bread":4,"evilcraft:flesh_humanoid":1,"minecraft:wooden_sword":23,"minecraft:beef":3,"minecraft:furnace":1,"minecraft:porkchop":4,"minecraft:cooked_beef":5,"minecraft:acacia_planks":2}},"DataVersion":3465}