{"stats":{"minecraft:dropped":{"minecraft:water_bucket":1,"minecraft:bread":1,"minecraft:wheat_seeds":3,"minecraft:feather":3,"minecraft:leather":3,"vampirism:basic_crossbow":1,"silentgear:knife_blueprint":1,"silentgear:shovel_blueprint":1,"minecraft:leather_helmet":1,"silentgear:rod_blueprint":1,"minecraft:dirt":2,"silentgear:machete_blueprint":1,"silentgear:shield_blueprint":1,"minecraft:wooden_axe":1,"minecraft:rose_bush":3,"minecraft:wooden_sword":1,"minecraft:stone_sword":3,"silentgear:pickaxe_blueprint":2,"minecraft:white_bed":1,"minecraft:poppy":1,"silentgear:axe_blueprint":1,"minecraft:acacia_sapling":2,"minecraft:spider_eye":2,"minecraft:arrow":1,"minecraft:wooden_pickaxe":2,"minecraft:egg":1},"minecraft:mined":{"minecraft:dark_oak_planks":1,"minecraft:white_bed":1,"silentgear:wild_flax_plant":2,"biomesoplenty:desert_grass":2,"minecraft:acacia_log":12,"minecraft:grass_block":7,"minecraft:spawner":1,"minecraft:furnace":1,"minecraft:stripped_acacia_log":2,"minecraft:stone":2,"minecraft:crafting_table":5,"minecraft:poppy":1,"minecraft:chest":2,"minecraft:rose_bush":2,"minecraft:tall_grass":10,"minecraft:cobblestone":21,"minecraft:oak_planks":2,"minecraft:blue_bed":1,"minecraft:grass":43,"minecraft:oak_log":3,"minecraft:dirt":1,"minecraft:oak_leaves":1},"minecraft:picked_up":{"silentgear:rod_blueprint":1,"minecraft:crafting_table":4,"minecraft:chicken":2,"silentgear:shield_blueprint":1,"silentgear:pickaxe_blueprint":2,"silentgear:nether_banana":2,"minecraft:crimson_trapdoor":3,"minecraft:string":1,"silentgear:sinew":2,"minecraft:item_frame":2,"minecraft:beef":14,"minecraft:rose_bush":3,"minecraft:poppy":1,"minecraft:chest":2,"minecraft:egg":2,"minecraft:furnace":1,"minecraft:stick":5,"minecraft:acacia_log":12,"silentgear:katana_blueprint":1,"minecraft:porkchop":7,"minecraft:dark_oak_planks":1,"minecraft:stone_sword":3,"minecraft:arrow":3,"minecraft:rotten_flesh":2,"minecraft:pumpkin_pie":1,"silentgear:axe_blueprint":1,"silentgear:shovel_blueprint":1,"minecraft:mutton":4,"silentgear:knife_blueprint":1,"minecraft:white_wool":2,"minecraft:cobblestone":22,"silentgear:flax_seeds":2,"minecraft:feather":8,"minecraft:cooked_beef":1,"minecraft:water_bucket":1,"minecraft:salmon":1,"minecraft:leather":5,"minecraft:brown_wool":1,"minecraft:oak_log":3,"evilcraft:flesh_humanoid":3,"minecraft:blue_bed":1,"minecraft:dirt":8,"bhc:red_heart":3,"minecraft:bone":5,"minecraft:acacia_planks":7,"minecraft:wheat_seeds":34,"guideapi_vp:vampirism-guidebook":1,"minecraft:cooked_chicken":1,"minecraft:acacia_sapling":2,"minecraft:oak_planks":1,"minecraft:crimson_stairs":2,"minecraft:white_bed":2,"minecraft:spruce_log":2,"minecraft:spider_eye":2,"minecraft:leather_helmet":1,"minecraft:stripped_acacia_log":2,"vampirism:basic_crossbow":2,"minecraft:gray_wool":1,"minecraft:bread":1},"minecraft:crafted":{"minecraft:wooden_sword":1,"minecraft:oak_planks":12,"minecraft:cooked_chicken":2,"minecraft:furnace":1,"minecraft:cooked_mutton":2,"minecraft:stone_pickaxe":1,"minecraft:dark_oak_planks":20,"minecraft:cooked_beef":8,"minecraft:cooked_porkchop":7,"minecraft:crafting_table":2,"minecraft:spruce_planks":28,"minecraft:wooden_pickaxe":1,"minecraft:air":0,"minecraft:stick":20,"minecraft:iron_ingot":4,"minecraft:wooden_axe":1,"minecraft:stone_sword":1,"minecraft:white_bed":2,"minecraft:acacia_planks":44},"minecraft:killed":{"vampirism:vampire":2,"minecraft:spider":1,"minecraft:skeleton":2,"minecraft:chicken":2,"minecraft:pig":4,"minecraft:sheep":4,"minecraft:zombie":2,"minecraft:cow":7},"minecraft:custom":{"minecraft:interact_with_smithing_table":2,"minecraft:mob_kills":25,"minecraft:interact_with_crafting_table":10,"minecraft:damage_dealt_resisted":160,"minecraft:leave_game":3,"minecraft:time_since_death":3699,"minecraft:climb_one_cm":22242,"minecraft:sprint_one_cm":637909,"minecraft:walk_one_cm":254373,"minecraft:damage_blocked_by_shield":110,"vampirism:interact_with_totem":1,"minecraft:drop":41,"minecraft:play_noteblock":43,"minecraft:play_time":102027,"minecraft:deaths":14,"minecraft:sneak_time":2858,"minecraft:walk_under_water_one_cm":6160,"minecraft:jump":1987,"minecraft:walk_on_water_one_cm":24996,"minecraft:total_world_time":102027,"minecraft:interact_with_furnace":29,"minecraft:tune_noteblock":80,"vampirism:interact_with_research_table":1,"minecraft:sleep_in_bed":3,"minecraft:time_since_rest":3719,"minecraft:damage_taken":5455,"minecraft:damage_dealt":4358,"minecraft:swim_one_cm":31331,"minecraft:fly_one_cm":331377,"minecraft:player_kills":2,"minecraft:open_chest":20,"minecraft:crouch_one_cm":8080,"minecraft:fall_one_cm":57733},"minecraft:killed_by":{"minecraft:player":6,"minecraft:creeper":1,"minecraft:skeleton":3,"minecraft:zombie":2},"minecraft:used":{"minecraft:stone_sword":50,"minecraft:shield":4,"minecraft:iron_sword":2,"minecraft:cooked_chicken":2,"minecraft:dirt":6,"minecraft:spyglass":35,"minecraft:dark_oak_planks":94,"minecraft:wooden_axe":26,"minecraft:iron_axe":2,"evilcraft:flesh_humanoid":1,"minecraft:beef":3,"minecraft:furnace":1,"minecraft:egg":1,"minecraft:cooked_beef":5,"minecraft:acacia_planks":2,"minecraft:cooked_mutton":1,"minecraft:stone_pickaxe":3,"minecraft:wooden_pickaxe":24,"minecraft:crafting_table":4,"minecraft:white_bed":3,"minecraft:bread":15,"minecraft:stone_axe":2,"minecraft:wooden_sword":23,"minecraft:porkchop":7}},"DataVersion":3465}