{"stats":{"minecraft:dropped":{"minecraft:wooden_sword":1,"silentgear:pickaxe_blueprint":1,"minecraft:wooden_pickaxe":1},"minecraft:used":{"minecraft:wooden_axe":25,"minecraft:wooden_pickaxe":24,"minecraft:cooked_chicken":1,"minecraft:wooden_sword":23,"minecraft:spyglass":4,"minecraft:beef":3,"minecraft:crafting_table":3,"minecraft:furnace":1,"minecraft:porkchop":4},"minecraft:picked_up":{"minecraft:crafting_table":3,"minecraft:feather":4,"minecraft:chicken":2,"minecraft:leather":3,"minecraft:acacia_log":11,"silentgear:pickaxe_blueprint":1,"minecraft:porkchop":4,"minecraft:oak_log":3,"evilcraft:flesh_humanoid":1,"minecraft:spruce_log":2,"minecraft:blue_bed":1,"minecraft:acacia_planks":7,"minecraft:stripped_acacia_log":2,"vampirism:basic_crossbow":1,"minecraft:wheat_seeds":9,"minecraft:beef":11,"minecraft:chest":2,"minecraft:acacia_sapling":2,"minecraft:cobblestone":21,"minecraft:furnace":1},"minecraft:killed":{"minecraft:pig":2,"minecraft:chicken":2,"minecraft:cow":6},"minecraft:mined":{"minecraft:furnace":1,"biomesoplenty:desert_grass":2,"minecraft:crafting_table":3,"minecraft:grass":8,"minecraft:acacia_log":11,"minecraft:oak_log":3,"minecraft:chest":2,"minecraft:stripped_acacia_log":2,"minecraft:cobblestone":21,"minecraft:blue_bed":1},"minecraft:custom":{"minecraft:time_since_rest":502,"minecraft:interact_with_furnace":7,"minecraft:sprint_one_cm":202682,"minecraft:damage_taken":564,"minecraft:walk_one_cm":69336,"minecraft:mob_kills":10,"minecraft:drop":3,"minecraft:damage_dealt":1078,"minecraft:swim_one_cm":5014,"minecraft:interact_with_crafting_table":6,"minecraft:fly_one_cm":76902,"vampirism:interact_with_research_table":1,"minecraft:open_chest":8,"minecraft:crouch_one_cm":3309,"minecraft:play_time":29035,"minecraft:deaths":2,"minecraft:sneak_time":1306,"minecraft:walk_under_water_one_cm":719,"minecraft:jump":416,"minecraft:walk_on_water_one_cm":4900,"minecraft:time_since_death":16256,"minecraft:sleep_in_bed":2,"minecraft:total_world_time":29035,"minecraft:climb_one_cm":5098,"minecraft:fall_one_cm":7652},"minecraft:killed_by":{"minecraft:skeleton":1,"minecraft:zombie":1},"minecraft:crafted":{"minecraft:cooked_beef":8,"minecraft:wooden_sword":1,"minecraft:oak_planks":12,"minecraft:crafting_table":1,"minecraft:spruce_planks":8,"minecraft:stick":20,"minecraft:cooked_chicken":2,"minecraft:wooden_pickaxe":1,"minecraft:stone_pickaxe":1,"minecraft:wooden_axe":1,"minecraft:stone_sword":1,"minecraft:furnace":1,"minecraft:acacia_planks":44,"minecraft:air":0}},"DataVersion":3465}