{"stats":{"minecraft:used":{"farmersdelight:golden_knife":9,"minecraft:fire_charge":1,"minecraft:golden_leggings":1},"minecraft:custom":{"minecraft:jump":153,"minecraft:open_chest":1,"minecraft:time_since_rest":4128,"minecraft:damage_dealt":131,"minecraft:crouch_one_cm":6,"minecraft:walk_on_water_one_cm":454,"minecraft:sprint_one_cm":12420,"minecraft:play_time":4128,"minecraft:damage_taken":150,"minecraft:time_since_death":4128,"minecraft:walk_one_cm":10148,"minecraft:sneak_time":21,"minecraft:total_world_time":4128,"minecraft:walk_under_water_one_cm":291,"minecraft:swim_one_cm":2168,"minecraft:fall_one_cm":2775,"minecraft:fly_one_cm":34804}},"DataVersion":3465}