{"stats":{"minecraft:dropped":{"minecraft:porkchop":3,"minecraft:wheat_seeds":2,"minecraft:coarse_dirt":1,"silentgear:axe_blueprint":1,"minecraft:melon_seeds":2,"minecraft:wheat":26,"minecraft:oak_sapling":1,"vampirism:basic_crossbow":1,"vampirism:garlic_bread":1,"minecraft:flint":1},"minecraft:used":{"minecraft:oxeye_daisy":1,"minecraft:redstone":1,"minecraft:bread":11,"minecraft:iron_pickaxe":2,"farmersdelight:golden_knife":9,"minecraft:iron_sword":8,"minecraft:golden_leggings":1,"minecraft:dirt":15,"minecraft:golden_hoe":32,"minecraft:fire_charge":1,"minecraft:spyglass":36,"minecraft:crafting_table":2,"minecraft:carrot":2,"minecraft:golden_shovel":34},"minecraft:picked_up":{"minecraft:coarse_dirt":1,"minecraft:crafting_table":2,"silentgear:shield_blueprint":1,"silentgear:katana_blueprint":1,"minecraft:oak_log":1,"minecraft:redstone":1,"minecraft:spruce_log":2,"minecraft:dirt":47,"minecraft:dark_prismarine":2,"minecraft:wheat_seeds":2,"silentgear:axe_blueprint":2,"minecraft:hay_block":24,"minecraft:oak_sapling":1,"minecraft:melon_seeds":2,"silentgear:knife_blueprint":1,"minecraft:oxeye_daisy":1},"minecraft:killed":{"minecraft:skeleton":1},"minecraft:mined":{"minecraft:dark_prismarine":2,"minecraft:hay_block":25,"minecraft:coarse_dirt":1,"minecraft:spruce_log":4,"minecraft:crafting_table":2,"minecraft:grass":8,"minecraft:red_tulip":1,"minecraft:grass_block":28,"minecraft:oak_log":1,"minecraft:dirt_path":7,"minecraft:dirt":13,"minecraft:redstone_wire":1,"minecraft:tall_grass":1,"minecraft:oak_leaves":8},"minecraft:custom":{"minecraft:time_since_rest":2810,"minecraft:interact_with_furnace":1,"minecraft:sprint_one_cm":103318,"minecraft:damage_taken":461,"minecraft:walk_one_cm":89267,"minecraft:mob_kills":1,"minecraft:drop":11,"minecraft:damage_dealt":330,"minecraft:tune_noteblock":27,"minecraft:swim_one_cm":7488,"minecraft:interact_with_crafting_table":11,"minecraft:fly_one_cm":202301,"minecraft:open_barrel":6,"vampirism:interact_with_garlic_diffuser":2,"minecraft:open_chest":12,"minecraft:crouch_one_cm":4142,"minecraft:play_time":30893,"minecraft:sneak_time":1080,"minecraft:walk_under_water_one_cm":588,"minecraft:jump":818,"minecraft:interact_with_blast_furnace":1,"minecraft:leave_game":1,"minecraft:walk_on_water_one_cm":2483,"minecraft:time_since_death":30893,"minecraft:sleep_in_bed":4,"minecraft:total_world_time":30893,"minecraft:climb_one_cm":5140,"minecraft:fall_one_cm":23607},"minecraft:crafted":{"minecraft:oak_planks":4,"minecraft:crafting_table":1,"minecraft:spruce_planks":8,"minecraft:stick":8,"minecraft:iron_ingot":2,"minecraft:iron_pickaxe":1,"minecraft:iron_sword":1,"minecraft:bread":64,"minecraft:wheat":216},"minecraft:broken":{"minecraft:golden_hoe":1,"minecraft:golden_shovel":1}},"DataVersion":3465}