{"stats":{"minecraft:dropped":{"minecraft:porkchop":3,"minecraft:wheat_seeds":22,"minecraft:coarse_dirt":1,"minecraft:wheat":26,"minecraft:feather":4,"silentgear:pickaxe_blueprint":1,"vampirism:basic_crossbow":2,"guideapi_vp:vampirism-guidebook":1,"silentgear:knife_blueprint":1,"silentgear:shovel_blueprint":1,"minecraft:stick":5,"silentgear:rod_blueprint":1,"minecraft:flint":1,"silentgear:axe_blueprint":2,"silentgear:shield_blueprint":1,"minecraft:melon_seeds":2,"minecraft:oak_sapling":1,"silentgear:nether_banana":2,"minecraft:dark_prismarine":2,"silentgear:katana_blueprint":1,"vampirism:garlic_bread":1},"minecraft:used":{"minecraft:redstone":1,"farmersdelight:golden_knife":9,"minecraft:iron_sword":19,"minecraft:golden_hoe":32,"minecraft:dirt":19,"minecraft:spyglass":36,"minecraft:crafting_table":3,"minecraft:carrot":2,"minecraft:golden_shovel":34,"minecraft:oxeye_daisy":1,"minecraft:bread":14,"minecraft:iron_pickaxe":2,"minecraft:golden_leggings":1,"minecraft:fire_charge":1,"minecraft:bucket":1},"minecraft:picked_up":{"minecraft:coarse_dirt":1,"minecraft:crafting_table":3,"silentgear:shield_blueprint":1,"minecraft:oak_log":1,"minecraft:dirt":51,"minecraft:wheat_seeds":2,"silentgear:katana_blueprint":1,"minecraft:spruce_log":2,"minecraft:redstone":1,"minecraft:dark_prismarine":2,"silentgear:axe_blueprint":2,"minecraft:hay_block":24,"minecraft:oak_sapling":1,"minecraft:melon_seeds":2,"silentgear:knife_blueprint":1,"minecraft:oxeye_daisy":1},"minecraft:killed":{"minecraft:spider":1,"minecraft:skeleton":1},"minecraft:mined":{"minecraft:dark_prismarine":2,"minecraft:crafting_table":3,"minecraft:grass_block":28,"minecraft:redstone_wire":1,"minecraft:tall_grass":1,"minecraft:hay_block":25,"minecraft:coarse_dirt":1,"minecraft:spruce_log":4,"minecraft:grass":13,"minecraft:red_tulip":1,"minecraft:oak_log":1,"minecraft:dirt_path":7,"minecraft:dirt":17,"minecraft:oak_leaves":8},"minecraft:custom":{"minecraft:interact_with_furnace":1,"minecraft:mob_kills":2,"minecraft:interact_with_crafting_table":12,"minecraft:tune_noteblock":27,"minecraft:open_barrel":6,"vampirism:interact_with_garlic_diffuser":2,"minecraft:leave_game":2,"minecraft:time_since_death":1834,"minecraft:sleep_in_bed":4,"minecraft:climb_one_cm":9435,"minecraft:time_since_rest":1854,"minecraft:sprint_one_cm":126456,"minecraft:damage_taken":762,"minecraft:walk_one_cm":100903,"minecraft:drop":26,"minecraft:damage_dealt":1003,"minecraft:swim_one_cm":8816,"minecraft:fly_one_cm":267412,"minecraft:player_kills":3,"minecraft:open_chest":12,"minecraft:crouch_one_cm":4311,"minecraft:play_time":37484,"minecraft:deaths":1,"minecraft:sneak_time":1168,"minecraft:walk_under_water_one_cm":844,"minecraft:jump":1012,"minecraft:interact_with_blast_furnace":1,"minecraft:walk_on_water_one_cm":3120,"minecraft:total_world_time":37484,"minecraft:fall_one_cm":29996},"minecraft:killed_by":{"minecraft:player":1},"minecraft:crafted":{"minecraft:oak_planks":4,"minecraft:crafting_table":1,"minecraft:spruce_planks":8,"minecraft:iron_sword":1,"minecraft:bucket":1,"minecraft:bread":64,"minecraft:stick":8,"minecraft:iron_ingot":2,"minecraft:iron_pickaxe":1,"minecraft:wheat":216},"minecraft:broken":{"minecraft:golden_hoe":1,"minecraft:golden_shovel":1}},"DataVersion":3465}