{"stats":{"minecraft:dropped":{"minecraft:brown_mushroom":1,"minecraft:wheat_seeds":1,"minecraft:crafting_table":1,"minecraft:crossbow":3,"minecraft:leather":13,"minecraft:granite":1,"silentgear:sinew":6,"vampirism:amulet":3,"minecraft:leather_helmet":1,"minecraft:dirt":1,"minecraft:dark_oak_trapdoor":2,"minecraft:rose_bush":2,"minecraft:cooked_salmon":1,"mekanism:raw_lead":3,"minecraft:bone_meal":1,"minecraft:flowering_azalea":1,"minecraft:acacia_planks":2,"minecraft:bone":4,"minecraft:oak_door":2,"minecraft:dark_prismarine_stairs":1,"minecraft:stone_sword":1,"minecraft:stripped_acacia_wood":2,"vampirism:vampire_fang":3,"biomesoplenty:umbran_sapling":1,"minecraft:andesite":1,"minecraft:oak_sapling":5,"minecraft:arrow":2},"minecraft:mined":{"minecraft:dark_oak_planks":7,"minecraft:dark_prismarine":10,"minecraft:dark_prismarine_stairs":6,"minecraft:white_bed":3,"minecraft:black_terracotta":13,"minecraft:granite":1,"minecraft:grass_block":6,"vampirism:vampire_orchid":2,"minecraft:mud_bricks":4,"minecraft:waxed_oxidized_cut_copper":5,"minecraft:furnace":2,"minecraft:acacia_trapdoor":1,"minecraft:dark_oak_trapdoor":2,"minecraft:iron_ore":19,"minecraft:waxed_oxidized_cut_copper_slab":1,"minecraft:andesite":5,"minecraft:dark_oak_stairs":1,"minecraft:stone":56,"minecraft:waxed_cut_copper":3,"minecraft:flowering_azalea":1,"mekanism:osmium_ore":11,"vampirism:cursed_spruce_log":1,"minecraft:crafting_table":4,"minecraft:cyan_stained_glass_pane":2,"minecraft:rose_bush":1,"mekanism:tin_ore":10,"minecraft:cobblestone":1,"minecraft:oak_planks":4,"minecraft:birch_log":7,"biomesoplenty:umbran_log":8,"minecraft:grass":8,"minecraft:oak_log":38,"minecraft:coal_ore":40,"mekanism:lead_ore":3,"minecraft:dirt":15,"minecraft:acacia_planks":2,"minecraft:stripped_acacia_wood":4},"minecraft:picked_up":{"minecraft:waxed_oxidized_cut_copper":2,"minecraft:crafting_table":5,"minecraft:brown_mushroom":1,"silentgear:sinew":6,"minecraft:dark_oak_trapdoor":2,"minecraft:cooked_salmon":1,"minecraft:iron_shovel":1,"minecraft:dark_prismarine_stairs":5,"minecraft:beef":15,"minecraft:rose_bush":2,"minecraft:furnace":2,"minecraft:stick":3,"minecraft:raw_iron":19,"minecraft:porkchop":2,"vampirism:vampire_fang":3,"vampirism:amulet":3,"mekanism:raw_tin":7,"minecraft:dark_oak_planks":7,"minecraft:arrow":7,"minecraft:rotten_flesh":3,"biomesoplenty:umbran_sapling":1,"minecraft:mutton":5,"minecraft:white_wool":3,"minecraft:cobblestone":57,"minecraft:birch_log":7,"minecraft:mud_bricks":4,"mekanism:raw_lead":6,"minecraft:salmon":45,"minecraft:andesite":6,"minecraft:leather":13,"minecraft:oak_log":36,"minecraft:dirt":21,"minecraft:white_banner":1,"bhc:red_heart":3,"minecraft:bone":6,"minecraft:acacia_planks":2,"minecraft:wheat_seeds":1,"minecraft:oak_planks":4,"minecraft:flowering_azalea":1,"biomesoplenty:umbran_log":8,"minecraft:dark_oak_stairs":1,"minecraft:black_terracotta":10,"minecraft:stripped_acacia_wood":3,"minecraft:white_bed":3,"mekanism:raw_osmium":10,"minecraft:leather_helmet":1,"minecraft:dark_prismarine":9,"minecraft:crossbow":5,"minecraft:granite":1,"minecraft:bone_meal":1,"minecraft:emerald":1,"minecraft:waxed_oxidized_cut_copper_slab":1,"vampirism:vampire_orchid":2,"minecraft:oak_sapling":6,"minecraft:coal":64},"minecraft:crafted":{"minecraft:wooden_sword":1,"minecraft:oak_door":3,"minecraft:oak_planks":144,"mekanism:ingot_osmium":10,"minecraft:furnace":4,"minecraft:cooked_mutton":5,"minecraft:stone_pickaxe":1,"mekanismtools:osmium_boots":1,"minecraft:chest":1,"minecraft:cooked_beef":15,"biomesoplenty:umbran_planks":32,"mekanismtools:osmium_sword":1,"mekanism:ingot_tin":7,"minecraft:cooked_porkchop":2,"minecraft:crafting_table":3,"minecraft:wooden_pickaxe":1,"minecraft:iron_helmet":1,"minecraft:iron_sword":1,"minecraft:cooked_salmon":25,"minecraft:birch_planks":28,"minecraft:iron_chestplate":1,"minecraft:golden_apple":5,"minecraft:stick":12,"minecraft:iron_ingot":19,"minecraft:iron_pickaxe":1,"minecraft:wooden_axe":1,"minecraft:stone_sword":1,"minecraft:iron_leggings":1,"minecraft:white_bed":1},"minecraft:custom":{"minecraft:mob_kills":93,"minecraft:interact_with_crafting_table":24,"minecraft:open_barrel":1,"minecraft:bell_ring":2,"minecraft:damage_dealt_resisted":272,"minecraft:leave_game":6,"minecraft:time_since_death":68280,"minecraft:climb_one_cm":2663,"minecraft:sprint_one_cm":396220,"minecraft:walk_one_cm":398323,"minecraft:drop":53,"minecraft:talked_to_villager":4,"minecraft:play_time":162331,"minecraft:deaths":1,"minecraft:sneak_time":4670,"minecraft:walk_under_water_one_cm":37037,"minecraft:jump":2259,"minecraft:interact_with_blast_furnace":3,"minecraft:walk_on_water_one_cm":42137,"minecraft:total_world_time":162331,"minecraft:interact_with_furnace":34,"minecraft:tune_noteblock":3,"minecraft:interact_with_loom":1,"minecraft:raid_trigger":1,"minecraft:sleep_in_bed":7,"minecraft:time_since_rest":0,"minecraft:damage_taken":2973,"minecraft:damage_dealt":11507,"minecraft:swim_one_cm":87815,"minecraft:fly_one_cm":299811,"minecraft:player_kills":2,"minecraft:open_chest":23,"minecraft:crouch_one_cm":9652,"minecraft:fall_one_cm":62466},"minecraft:killed":{"vampirism:vampire":1,"minecraft:spider":1,"minecraft:vindicator":2,"minecraft:skeleton":5,"minecraft:chicken":1,"vampirism:villager_converted":1,"minecraft:pig":2,"minecraft:salmon":47,"shailushay:shailushay":1,"minecraft:sheep":3,"minecraft:pillager":15,"minecraft:zombie":2,"minecraft:cow":9},"minecraft:killed_by":{"minecraft:player":1},"minecraft:used":{"minecraft:stripped_acacia_wood":1,"minecraft:chest":1,"minecraft:cooked_salmon":20,"minecraft:rotten_flesh":3,"minecraft:oak_door":1,"minecraft:oxidized_cut_copper":17,"minecraft:dirt":11,"mekanismtools:osmium_sword":189,"minecraft:carrot":7,"minecraft:wooden_axe":14,"minecraft:dark_oak_planks":4,"minecraft:mud_bricks":4,"minecraft:furnace":6,"minecraft:goat_horn":4,"minecraft:oak_sapling":1,"minecraft:cooked_beef":10,"minecraft:potato":28,"minecraft:dark_prismarine_stairs":3,"minecraft:cooked_mutton":1,"minecraft:birch_planks":6,"minecraft:stone_pickaxe":44,"minecraft:oak_planks":113,"minecraft:waxed_oxidized_cut_copper":1,"minecraft:wooden_pickaxe":7,"minecraft:salmon":3,"minecraft:crafting_table":7,"minecraft:crossbow":1,"minecraft:white_bed":4,"minecraft:black_terracotta":10,"minecraft:dark_prismarine":9,"biomesoplenty:umbran_planks":32,"minecraft:iron_pickaxe":145,"minecraft:wooden_sword":3,"minecraft:cobblestone":16,"minecraft:white_banner":1,"minecraft:cooked_porkchop":2,"minecraft:andesite":5,"minecraft:experience_bottle":1}},"DataVersion":3465}