{"stats":{"minecraft:used":{"minecraft:wooden_axe":10,"minecraft:crafting_table":1},"minecraft:picked_up":{"minecraft:oak_log":9,"minecraft:birch_log":7},"minecraft:mined":{"minecraft:birch_log":7,"minecraft:oak_log":10},"minecraft:custom":{"minecraft:jump":11,"minecraft:time_since_rest":4577,"minecraft:crouch_one_cm":1,"minecraft:sprint_one_cm":5580,"minecraft:play_time":4577,"minecraft:time_since_death":4577,"minecraft:walk_one_cm":4843,"minecraft:sneak_time":88,"minecraft:total_world_time":4577,"minecraft:interact_with_crafting_table":2,"minecraft:fall_one_cm":209,"minecraft:fly_one_cm":2915},"minecraft:crafted":{"minecraft:birch_planks":28,"minecraft:wooden_sword":1,"minecraft:crafting_table":1,"minecraft:stick":12,"minecraft:wooden_pickaxe":1,"minecraft:wooden_axe":1}},"DataVersion":3465}