{"stats":{"minecraft:dropped":{"minecraft:brown_mushroom":1,"minecraft:wheat_seeds":1,"minecraft:leather":10,"minecraft:granite":1,"silentgear:sinew":6,"biomesoplenty:umbran_sapling":1,"minecraft:andesite":1,"minecraft:oak_sapling":5,"mekanism:raw_lead":3,"minecraft:arrow":2,"minecraft:bone":4},"minecraft:mined":{"mekanism:osmium_ore":11,"minecraft:crafting_table":2,"minecraft:granite":1,"minecraft:grass_block":1,"mekanism:tin_ore":10,"minecraft:furnace":2,"minecraft:birch_log":7,"minecraft:iron_ore":19,"minecraft:andesite":5,"biomesoplenty:umbran_log":8,"minecraft:grass":1,"minecraft:oak_log":12,"minecraft:coal_ore":34,"mekanism:lead_ore":3,"minecraft:stone":23},"minecraft:picked_up":{"minecraft:birch_log":7,"minecraft:crafting_table":2,"mekanism:raw_lead":6,"minecraft:andesite":6,"minecraft:salmon":15,"minecraft:leather":10,"minecraft:brown_mushroom":1,"minecraft:oak_log":12,"minecraft:dirt":1,"silentgear:sinew":6,"minecraft:white_banner":1,"minecraft:iron_shovel":1,"bhc:red_heart":3,"minecraft:bone":6,"minecraft:wheat_seeds":1,"minecraft:beef":12,"biomesoplenty:umbran_log":8,"minecraft:furnace":2,"minecraft:stick":3,"minecraft:raw_iron":19,"minecraft:porkchop":2,"mekanism:raw_osmium":10,"mekanism:raw_tin":7,"minecraft:arrow":2,"minecraft:rotten_flesh":3,"biomesoplenty:umbran_sapling":1,"minecraft:crossbow":4,"minecraft:granite":1,"minecraft:emerald":1,"minecraft:oak_sapling":6,"minecraft:mutton":5,"minecraft:coal":58,"minecraft:white_wool":3,"minecraft:cobblestone":24},"minecraft:crafted":{"minecraft:cooked_beef":12,"biomesoplenty:umbran_planks":32,"mekanismtools:osmium_sword":1,"minecraft:wooden_sword":1,"mekanism:ingot_tin":7,"minecraft:oak_planks":48,"minecraft:cooked_porkchop":2,"minecraft:crafting_table":2,"mekanism:ingot_osmium":10,"minecraft:wooden_pickaxe":1,"minecraft:iron_helmet":1,"minecraft:iron_sword":1,"minecraft:furnace":1,"minecraft:cooked_salmon":10,"minecraft:birch_planks":28,"minecraft:iron_chestplate":1,"minecraft:stick":12,"minecraft:iron_ingot":19,"minecraft:iron_pickaxe":1,"minecraft:stone_pickaxe":1,"minecraft:wooden_axe":1,"minecraft:stone_sword":1,"mekanismtools:osmium_boots":1},"minecraft:killed":{"minecraft:pig":2,"minecraft:salmon":17,"minecraft:spider":1,"minecraft:vindicator":2,"shailushay:shailushay":1,"minecraft:sheep":3,"minecraft:skeleton":2,"minecraft:pillager":13,"minecraft:zombie":2,"minecraft:chicken":1,"minecraft:cow":7},"minecraft:custom":{"minecraft:interact_with_furnace":25,"minecraft:mob_kills":52,"minecraft:interact_with_crafting_table":12,"minecraft:interact_with_loom":1,"minecraft:raid_trigger":1,"minecraft:bell_ring":2,"minecraft:leave_game":5,"minecraft:time_since_death":84908,"minecraft:sleep_in_bed":1,"minecraft:climb_one_cm":871,"minecraft:time_since_rest":39755,"minecraft:sprint_one_cm":219278,"minecraft:damage_taken":1357,"minecraft:walk_one_cm":202323,"minecraft:drop":26,"minecraft:damage_dealt":7714,"minecraft:talked_to_villager":2,"minecraft:swim_one_cm":41335,"minecraft:fly_one_cm":164159,"minecraft:open_chest":10,"minecraft:crouch_one_cm":3371,"minecraft:play_time":84908,"minecraft:sneak_time":1170,"minecraft:walk_under_water_one_cm":19314,"minecraft:jump":1103,"minecraft:walk_on_water_one_cm":17668,"minecraft:total_world_time":84908,"minecraft:fall_one_cm":28042},"minecraft:used":{"minecraft:birch_planks":6,"minecraft:stone_pickaxe":44,"minecraft:wooden_pickaxe":7,"minecraft:cooked_salmon":6,"minecraft:rotten_flesh":3,"minecraft:salmon":3,"minecraft:dirt":1,"minecraft:crafting_table":3,"mekanismtools:osmium_sword":117,"minecraft:carrot":7,"minecraft:crossbow":1,"minecraft:wooden_axe":14,"minecraft:iron_pickaxe":58,"minecraft:wooden_sword":3,"minecraft:cobblestone":4,"minecraft:goat_horn":2,"minecraft:furnace":3,"minecraft:oak_sapling":1,"minecraft:white_banner":1,"minecraft:cooked_porkchop":2,"minecraft:andesite":5,"minecraft:cooked_beef":4,"minecraft:potato":26}},"DataVersion":3465}