{"stats":{"minecraft:dropped":{"minecraft:brown_mushroom":1,"minecraft:leather":10,"minecraft:granite":1,"silentgear:sinew":6,"minecraft:andesite":1,"minecraft:oak_sapling":5,"mekanism:raw_lead":3,"minecraft:arrow":2,"minecraft:bone":4},"minecraft:used":{"minecraft:birch_planks":6,"minecraft:stone_pickaxe":44,"minecraft:wooden_pickaxe":7,"minecraft:cooked_salmon":6,"minecraft:rotten_flesh":1,"minecraft:salmon":3,"minecraft:dirt":1,"minecraft:crafting_table":3,"mekanismtools:osmium_sword":111,"minecraft:carrot":2,"minecraft:wooden_axe":14,"minecraft:iron_pickaxe":54,"minecraft:wooden_sword":3,"minecraft:cobblestone":4,"minecraft:furnace":3,"minecraft:oak_sapling":1,"minecraft:white_banner":1,"minecraft:cooked_porkchop":2,"minecraft:andesite":5,"minecraft:cooked_beef":4},"minecraft:picked_up":{"minecraft:birch_log":7,"minecraft:crafting_table":2,"mekanism:raw_lead":6,"minecraft:andesite":6,"minecraft:salmon":15,"minecraft:leather":10,"minecraft:brown_mushroom":1,"minecraft:oak_log":12,"minecraft:dirt":1,"silentgear:sinew":6,"minecraft:white_banner":1,"bhc:red_heart":3,"minecraft:bone":6,"minecraft:beef":12,"minecraft:furnace":2,"minecraft:stick":3,"minecraft:raw_iron":19,"minecraft:porkchop":2,"mekanism:raw_osmium":10,"mekanism:raw_tin":7,"minecraft:arrow":2,"minecraft:rotten_flesh":3,"minecraft:crossbow":4,"minecraft:granite":1,"minecraft:emerald":1,"minecraft:oak_sapling":6,"minecraft:coal":54,"minecraft:cobblestone":24},"minecraft:killed":{"minecraft:pig":2,"minecraft:salmon":17,"minecraft:spider":1,"minecraft:vindicator":2,"shailushay:shailushay":1,"minecraft:skeleton":2,"minecraft:pillager":13,"minecraft:zombie":1,"minecraft:chicken":1,"minecraft:cow":7},"minecraft:mined":{"mekanism:osmium_ore":11,"minecraft:crafting_table":2,"minecraft:granite":1,"minecraft:grass_block":1,"mekanism:tin_ore":10,"minecraft:furnace":2,"minecraft:birch_log":7,"minecraft:iron_ore":19,"minecraft:andesite":5,"minecraft:oak_log":12,"minecraft:coal_ore":30,"mekanism:lead_ore":3,"minecraft:stone":23},"minecraft:custom":{"minecraft:interact_with_furnace":25,"minecraft:mob_kills":47,"minecraft:interact_with_crafting_table":11,"minecraft:leave_game":4,"minecraft:time_since_death":66715,"minecraft:sleep_in_bed":1,"minecraft:climb_one_cm":871,"minecraft:time_since_rest":21562,"minecraft:sprint_one_cm":119053,"minecraft:damage_taken":1241,"minecraft:walk_one_cm":149864,"minecraft:drop":24,"minecraft:damage_dealt":7198,"minecraft:swim_one_cm":38831,"minecraft:fly_one_cm":97957,"minecraft:open_chest":8,"minecraft:crouch_one_cm":3371,"minecraft:play_time":66715,"minecraft:sneak_time":1164,"minecraft:walk_under_water_one_cm":18668,"minecraft:jump":774,"minecraft:walk_on_water_one_cm":13521,"minecraft:total_world_time":66715,"minecraft:fall_one_cm":21673},"minecraft:crafted":{"minecraft:cooked_beef":12,"mekanismtools:osmium_sword":1,"minecraft:wooden_sword":1,"mekanism:ingot_tin":7,"minecraft:oak_planks":48,"minecraft:cooked_porkchop":2,"minecraft:crafting_table":2,"mekanism:ingot_osmium":10,"minecraft:wooden_pickaxe":1,"minecraft:iron_helmet":1,"minecraft:iron_sword":1,"minecraft:furnace":1,"minecraft:cooked_salmon":10,"minecraft:birch_planks":28,"minecraft:iron_chestplate":1,"minecraft:stick":12,"minecraft:iron_ingot":19,"minecraft:iron_pickaxe":1,"minecraft:stone_pickaxe":1,"minecraft:wooden_axe":1,"minecraft:stone_sword":1,"mekanismtools:osmium_boots":1}},"DataVersion":3465}