{"stats":{"minecraft:dropped":{"minecraft:brown_mushroom":1,"minecraft:oak_sapling":5},"minecraft:used":{"minecraft:wooden_axe":12,"minecraft:stone_pickaxe":44,"minecraft:iron_pickaxe":4,"minecraft:wooden_pickaxe":7,"minecraft:wooden_sword":3,"minecraft:crafting_table":2,"minecraft:furnace":1,"minecraft:oak_sapling":1,"minecraft:andesite":2},"minecraft:picked_up":{"minecraft:birch_log":7,"minecraft:stick":3,"minecraft:raw_iron":6,"minecraft:andesite":2,"minecraft:brown_mushroom":1,"minecraft:oak_log":12,"mekanism:raw_tin":2,"minecraft:oak_sapling":6,"minecraft:coal":30,"minecraft:cobblestone":15},"minecraft:killed":{"shailushay:shailushay":1},"minecraft:mined":{"minecraft:birch_log":7,"minecraft:iron_ore":6,"minecraft:andesite":2,"minecraft:oak_log":12,"minecraft:coal_ore":30,"mekanism:tin_ore":2,"minecraft:stone":15},"minecraft:custom":{"minecraft:time_since_rest":16226,"minecraft:interact_with_furnace":3,"minecraft:sprint_one_cm":22417,"minecraft:damage_taken":20,"minecraft:walk_one_cm":26809,"minecraft:mob_kills":1,"minecraft:drop":6,"minecraft:damage_dealt":100,"minecraft:swim_one_cm":2453,"minecraft:interact_with_crafting_table":6,"minecraft:fly_one_cm":17381,"minecraft:crouch_one_cm":27,"minecraft:play_time":16226,"minecraft:sneak_time":116,"minecraft:walk_under_water_one_cm":4084,"minecraft:jump":129,"minecraft:leave_game":1,"minecraft:walk_on_water_one_cm":1389,"minecraft:time_since_death":16226,"minecraft:total_world_time":16226,"minecraft:fall_one_cm":4341},"minecraft:crafted":{"minecraft:wooden_sword":1,"minecraft:oak_planks":48,"minecraft:crafting_table":2,"minecraft:stick":12,"minecraft:iron_ingot":6,"minecraft:wooden_pickaxe":1,"minecraft:iron_pickaxe":1,"minecraft:stone_pickaxe":1,"minecraft:wooden_axe":1,"minecraft:stone_sword":1,"minecraft:iron_sword":1,"minecraft:furnace":1,"minecraft:birch_planks":28}},"DataVersion":3465}