{"stats":{"minecraft:dropped":{"minecraft:brown_mushroom":1,"minecraft:oak_sapling":5,"minecraft:granite":1},"minecraft:used":{"minecraft:wooden_axe":13,"minecraft:stone_pickaxe":44,"minecraft:iron_pickaxe":43,"minecraft:wooden_pickaxe":7,"minecraft:wooden_sword":3,"minecraft:crafting_table":2,"minecraft:furnace":1,"minecraft:oak_sapling":1,"mekanismtools:osmium_sword":2,"minecraft:andesite":4},"minecraft:picked_up":{"minecraft:crafting_table":1,"minecraft:birch_log":7,"minecraft:stick":3,"minecraft:raw_iron":11,"mekanism:raw_lead":3,"minecraft:andesite":5,"minecraft:brown_mushroom":1,"minecraft:oak_log":12,"mekanism:raw_osmium":10,"mekanism:raw_tin":7,"minecraft:granite":1,"minecraft:oak_sapling":6,"minecraft:coal":54,"minecraft:cobblestone":21,"minecraft:furnace":1},"minecraft:killed":{"minecraft:spider":1,"shailushay:shailushay":1},"minecraft:mined":{"mekanism:osmium_ore":11,"minecraft:furnace":1,"minecraft:birch_log":7,"minecraft:iron_ore":11,"minecraft:andesite":5,"minecraft:crafting_table":1,"minecraft:granite":1,"minecraft:oak_log":12,"minecraft:coal_ore":30,"mekanism:lead_ore":3,"mekanism:tin_ore":10,"minecraft:stone":21},"minecraft:custom":{"minecraft:time_since_rest":27742,"minecraft:interact_with_furnace":10,"minecraft:sprint_one_cm":33626,"minecraft:damage_taken":110,"minecraft:walk_one_cm":47285,"minecraft:mob_kills":2,"minecraft:drop":7,"minecraft:damage_dealt":250,"minecraft:swim_one_cm":2453,"minecraft:interact_with_crafting_table":8,"minecraft:fly_one_cm":25856,"minecraft:crouch_one_cm":475,"minecraft:play_time":27742,"minecraft:sneak_time":298,"minecraft:walk_under_water_one_cm":6301,"minecraft:jump":275,"minecraft:leave_game":2,"minecraft:time_since_death":27742,"minecraft:walk_on_water_one_cm":2652,"minecraft:total_world_time":27742,"minecraft:fall_one_cm":8747},"minecraft:crafted":{"mekanismtools:osmium_sword":1,"mekanism:ingot_tin":7,"minecraft:wooden_sword":1,"minecraft:oak_planks":48,"minecraft:crafting_table":2,"mekanism:ingot_osmium":8,"minecraft:stick":12,"minecraft:wooden_pickaxe":1,"minecraft:iron_ingot":6,"minecraft:iron_pickaxe":1,"minecraft:stone_pickaxe":1,"minecraft:wooden_axe":1,"minecraft:stone_sword":1,"minecraft:iron_sword":1,"minecraft:furnace":1,"minecraft:birch_planks":28}},"DataVersion":3465}