{"stats":{"minecraft:dropped":{"minecraft:brown_mushroom":1,"minecraft:leather":10,"minecraft:granite":1,"silentgear:sinew":6,"minecraft:andesite":1,"minecraft:oak_sapling":5,"mekanism:raw_lead":3,"minecraft:arrow":2,"minecraft:bone":4},"minecraft:used":{"minecraft:birch_planks":6,"minecraft:stone_pickaxe":44,"minecraft:wooden_pickaxe":7,"minecraft:cooked_salmon":2,"minecraft:rotten_flesh":1,"minecraft:dirt":1,"minecraft:crafting_table":3,"mekanismtools:osmium_sword":48,"minecraft:wooden_axe":14,"minecraft:iron_pickaxe":54,"minecraft:wooden_sword":3,"minecraft:cobblestone":4,"minecraft:furnace":3,"minecraft:oak_sapling":1,"minecraft:white_banner":1,"minecraft:cooked_porkchop":2,"minecraft:andesite":5,"minecraft:cooked_beef":2},"minecraft:picked_up":{"minecraft:birch_log":7,"minecraft:crafting_table":2,"mekanism:raw_lead":6,"minecraft:andesite":6,"minecraft:salmon":15,"minecraft:leather":10,"minecraft:brown_mushroom":1,"minecraft:oak_log":12,"minecraft:dirt":1,"silentgear:sinew":6,"minecraft:white_banner":1,"bhc:red_heart":1,"minecraft:bone":4,"minecraft:beef":12,"minecraft:furnace":2,"minecraft:stick":3,"minecraft:raw_iron":19,"minecraft:porkchop":2,"mekanism:raw_osmium":10,"mekanism:raw_tin":7,"minecraft:arrow":2,"minecraft:rotten_flesh":1,"minecraft:granite":1,"minecraft:oak_sapling":6,"minecraft:coal":54,"minecraft:cobblestone":24},"minecraft:killed":{"minecraft:pig":2,"minecraft:salmon":17,"minecraft:spider":1,"shailushay:shailushay":1,"minecraft:skeleton":1,"minecraft:pillager":2,"minecraft:zombie":1,"minecraft:chicken":1,"minecraft:cow":7},"minecraft:mined":{"mekanism:osmium_ore":11,"minecraft:crafting_table":2,"minecraft:granite":1,"minecraft:grass_block":1,"mekanism:tin_ore":10,"minecraft:furnace":2,"minecraft:birch_log":7,"minecraft:iron_ore":19,"minecraft:andesite":5,"minecraft:oak_log":12,"minecraft:coal_ore":30,"mekanism:lead_ore":3,"minecraft:stone":23},"minecraft:custom":{"minecraft:interact_with_furnace":25,"minecraft:mob_kills":33,"minecraft:interact_with_crafting_table":11,"minecraft:leave_game":3,"minecraft:time_since_death":57155,"minecraft:sleep_in_bed":1,"minecraft:climb_one_cm":871,"minecraft:time_since_rest":12002,"minecraft:sprint_one_cm":88427,"minecraft:damage_taken":510,"minecraft:walk_one_cm":115912,"minecraft:drop":24,"minecraft:damage_dealt":2580,"minecraft:swim_one_cm":34925,"minecraft:fly_one_cm":76840,"minecraft:open_chest":2,"minecraft:crouch_one_cm":577,"minecraft:play_time":57155,"minecraft:sneak_time":406,"minecraft:walk_under_water_one_cm":17835,"minecraft:jump":648,"minecraft:walk_on_water_one_cm":11075,"minecraft:total_world_time":57155,"minecraft:fall_one_cm":17965},"minecraft:crafted":{"minecraft:cooked_beef":12,"mekanismtools:osmium_sword":1,"minecraft:wooden_sword":1,"mekanism:ingot_tin":7,"minecraft:oak_planks":48,"minecraft:cooked_porkchop":2,"minecraft:crafting_table":2,"mekanism:ingot_osmium":10,"minecraft:wooden_pickaxe":1,"minecraft:iron_helmet":1,"minecraft:iron_sword":1,"minecraft:furnace":1,"minecraft:cooked_salmon":10,"minecraft:birch_planks":28,"minecraft:iron_chestplate":1,"minecraft:stick":12,"minecraft:iron_ingot":19,"minecraft:iron_pickaxe":1,"minecraft:stone_pickaxe":1,"minecraft:wooden_axe":1,"minecraft:stone_sword":1,"mekanismtools:osmium_boots":1}},"DataVersion":3465}