{"stats":{"minecraft:dropped":{"minecraft:brown_mushroom":1,"minecraft:wheat_seeds":1,"minecraft:crafting_table":1,"minecraft:leather":10,"minecraft:granite":1,"silentgear:sinew":6,"vampirism:amulet":3,"minecraft:leather_helmet":1,"vampirism:vampire_fang":2,"biomesoplenty:umbran_sapling":1,"minecraft:rose_bush":1,"minecraft:andesite":1,"minecraft:oak_sapling":5,"mekanism:raw_lead":3,"minecraft:bone_meal":1,"minecraft:arrow":2,"minecraft:bone":4},"minecraft:mined":{"minecraft:dark_oak_planks":4,"minecraft:dark_prismarine_stairs":3,"minecraft:white_bed":1,"mekanism:osmium_ore":11,"vampirism:cursed_spruce_log":1,"minecraft:cyan_stained_glass_pane":2,"minecraft:crafting_table":3,"minecraft:granite":1,"minecraft:grass_block":2,"minecraft:rose_bush":1,"mekanism:tin_ore":10,"vampirism:vampire_orchid":2,"minecraft:cobblestone":1,"minecraft:waxed_oxidized_cut_copper":1,"minecraft:furnace":2,"minecraft:dark_oak_trapdoor":1,"minecraft:birch_log":7,"minecraft:iron_ore":19,"minecraft:andesite":5,"biomesoplenty:umbran_log":8,"minecraft:grass":4,"minecraft:coal_ore":40,"minecraft:oak_log":12,"mekanism:lead_ore":3,"minecraft:dirt":7,"minecraft:stone":44,"minecraft:dark_prismarine":1},"minecraft:picked_up":{"minecraft:birch_log":7,"minecraft:crafting_table":4,"mekanism:raw_lead":6,"minecraft:andesite":6,"minecraft:salmon":28,"minecraft:leather":10,"minecraft:brown_mushroom":1,"minecraft:oak_log":12,"minecraft:dark_oak_trapdoor":1,"silentgear:sinew":6,"minecraft:dirt":9,"minecraft:white_banner":1,"bhc:red_heart":3,"minecraft:iron_shovel":1,"minecraft:bone":6,"minecraft:wheat_seeds":1,"minecraft:dark_prismarine_stairs":3,"minecraft:beef":12,"minecraft:rose_bush":2,"biomesoplenty:umbran_log":8,"minecraft:furnace":2,"minecraft:raw_iron":19,"minecraft:stick":3,"minecraft:porkchop":2,"minecraft:leather_helmet":1,"vampirism:vampire_fang":3,"minecraft:white_bed":1,"vampirism:amulet":3,"mekanism:raw_osmium":10,"mekanism:raw_tin":7,"minecraft:dark_oak_planks":4,"minecraft:arrow":7,"minecraft:rotten_flesh":3,"biomesoplenty:umbran_sapling":1,"minecraft:crossbow":4,"minecraft:granite":1,"minecraft:bone_meal":1,"minecraft:emerald":1,"vampirism:vampire_orchid":2,"minecraft:oak_sapling":6,"minecraft:mutton":5,"minecraft:coal":64,"minecraft:white_wool":3,"minecraft:cobblestone":45},"minecraft:crafted":{"minecraft:cooked_beef":12,"mekanismtools:osmium_sword":1,"biomesoplenty:umbran_planks":32,"minecraft:wooden_sword":1,"mekanism:ingot_tin":7,"minecraft:oak_planks":48,"minecraft:cooked_porkchop":2,"minecraft:crafting_table":2,"mekanism:ingot_osmium":10,"minecraft:iron_helmet":1,"minecraft:wooden_pickaxe":1,"minecraft:iron_sword":1,"minecraft:furnace":3,"minecraft:cooked_salmon":25,"minecraft:birch_planks":28,"minecraft:cooked_mutton":5,"minecraft:iron_chestplate":1,"minecraft:stick":12,"minecraft:iron_ingot":19,"minecraft:iron_pickaxe":1,"minecraft:stone_pickaxe":1,"minecraft:wooden_axe":1,"minecraft:stone_sword":1,"mekanismtools:osmium_boots":1,"minecraft:white_bed":1},"minecraft:killed":{"vampirism:vampire":1,"minecraft:pig":2,"minecraft:salmon":30,"minecraft:vindicator":2,"minecraft:spider":1,"shailushay:shailushay":1,"minecraft:sheep":3,"minecraft:skeleton":5,"minecraft:pillager":15,"minecraft:zombie":2,"minecraft:chicken":1,"vampirism:villager_converted":1,"minecraft:cow":7},"minecraft:custom":{"minecraft:interact_with_furnace":30,"minecraft:mob_kills":74,"minecraft:interact_with_crafting_table":17,"minecraft:interact_with_loom":1,"minecraft:raid_trigger":1,"minecraft:bell_ring":2,"minecraft:damage_dealt_resisted":272,"minecraft:leave_game":6,"minecraft:time_since_death":32280,"minecraft:sleep_in_bed":5,"minecraft:climb_one_cm":1811,"minecraft:time_since_rest":9038,"minecraft:sprint_one_cm":335795,"minecraft:damage_taken":2585,"minecraft:walk_one_cm":305003,"minecraft:drop":35,"minecraft:damage_dealt":10797,"minecraft:player_kills":2,"minecraft:swim_one_cm":66505,"minecraft:talked_to_villager":4,"minecraft:fly_one_cm":258945,"minecraft:open_chest":11,"minecraft:play_time":126331,"minecraft:crouch_one_cm":5715,"minecraft:sneak_time":2377,"minecraft:deaths":1,"minecraft:walk_under_water_one_cm":27292,"minecraft:jump":1897,"minecraft:interact_with_blast_furnace":3,"minecraft:walk_on_water_one_cm":30436,"minecraft:total_world_time":126331,"minecraft:fall_one_cm":44777},"minecraft:killed_by":{"minecraft:player":1},"minecraft:used":{"minecraft:cooked_mutton":1,"minecraft:birch_planks":6,"minecraft:stone_pickaxe":44,"minecraft:oak_planks":45,"minecraft:wooden_pickaxe":7,"minecraft:cooked_salmon":13,"minecraft:rotten_flesh":3,"minecraft:salmon":3,"minecraft:dirt":9,"minecraft:crafting_table":5,"minecraft:carrot":7,"mekanismtools:osmium_sword":169,"minecraft:crossbow":1,"minecraft:white_bed":2,"minecraft:dark_oak_planks":4,"minecraft:wooden_axe":14,"biomesoplenty:umbran_planks":31,"minecraft:iron_pickaxe":91,"minecraft:wooden_sword":3,"minecraft:cobblestone":5,"minecraft:oak_sapling":1,"minecraft:white_banner":1,"minecraft:goat_horn":4,"minecraft:furnace":5,"minecraft:cooked_porkchop":2,"minecraft:andesite":5,"minecraft:cooked_beef":10,"minecraft:potato":28}},"DataVersion":3465}