{"stats":{"minecraft:dropped":{"minecraft:brown_mushroom":1,"minecraft:wheat_seeds":1,"minecraft:crafting_table":1,"minecraft:crossbow":3,"minecraft:leather":11,"minecraft:granite":1,"silentgear:sinew":6,"vampirism:amulet":3,"minecraft:leather_helmet":1,"minecraft:dirt":1,"minecraft:dark_oak_trapdoor":2,"minecraft:rose_bush":2,"mekanism:raw_lead":3,"minecraft:bone_meal":1,"minecraft:flowering_azalea":1,"minecraft:acacia_planks":2,"minecraft:bone":4,"minecraft:dark_prismarine_stairs":1,"minecraft:stone_sword":1,"minecraft:stripped_acacia_wood":2,"vampirism:vampire_fang":3,"biomesoplenty:umbran_sapling":1,"minecraft:andesite":1,"minecraft:oak_sapling":5,"minecraft:arrow":2},"minecraft:mined":{"minecraft:dark_oak_planks":7,"minecraft:dark_prismarine":10,"minecraft:dark_prismarine_stairs":6,"minecraft:white_bed":3,"minecraft:black_terracotta":13,"minecraft:granite":1,"minecraft:grass_block":3,"vampirism:vampire_orchid":2,"minecraft:mud_bricks":4,"minecraft:waxed_oxidized_cut_copper":5,"minecraft:furnace":2,"minecraft:acacia_trapdoor":1,"minecraft:dark_oak_trapdoor":2,"minecraft:iron_ore":19,"minecraft:waxed_oxidized_cut_copper_slab":1,"minecraft:andesite":5,"minecraft:dark_oak_stairs":1,"minecraft:stone":44,"minecraft:waxed_cut_copper":3,"minecraft:flowering_azalea":1,"mekanism:osmium_ore":11,"vampirism:cursed_spruce_log":1,"minecraft:crafting_table":4,"minecraft:cyan_stained_glass_pane":2,"minecraft:rose_bush":1,"mekanism:tin_ore":10,"minecraft:cobblestone":1,"minecraft:birch_log":7,"biomesoplenty:umbran_log":8,"minecraft:grass":5,"minecraft:oak_log":25,"minecraft:coal_ore":40,"mekanism:lead_ore":3,"minecraft:dirt":7,"minecraft:acacia_planks":2,"minecraft:stripped_acacia_wood":4},"minecraft:picked_up":{"minecraft:waxed_oxidized_cut_copper":2,"minecraft:crafting_table":5,"minecraft:brown_mushroom":1,"silentgear:sinew":6,"minecraft:dark_oak_trapdoor":2,"minecraft:iron_shovel":1,"minecraft:dark_prismarine_stairs":5,"minecraft:beef":13,"minecraft:rose_bush":2,"minecraft:furnace":2,"minecraft:stick":3,"minecraft:raw_iron":19,"minecraft:porkchop":2,"vampirism:vampire_fang":3,"vampirism:amulet":3,"mekanism:raw_tin":7,"minecraft:dark_oak_planks":7,"minecraft:arrow":7,"minecraft:rotten_flesh":3,"biomesoplenty:umbran_sapling":1,"minecraft:mutton":5,"minecraft:white_wool":3,"minecraft:cobblestone":45,"minecraft:birch_log":7,"minecraft:mud_bricks":4,"mekanism:raw_lead":6,"minecraft:salmon":28,"minecraft:andesite":6,"minecraft:leather":11,"minecraft:oak_log":23,"minecraft:dirt":10,"minecraft:white_banner":1,"bhc:red_heart":3,"minecraft:bone":6,"minecraft:acacia_planks":2,"minecraft:wheat_seeds":1,"minecraft:flowering_azalea":1,"biomesoplenty:umbran_log":8,"minecraft:dark_oak_stairs":1,"minecraft:black_terracotta":10,"minecraft:stripped_acacia_wood":3,"minecraft:white_bed":3,"mekanism:raw_osmium":10,"minecraft:leather_helmet":1,"minecraft:dark_prismarine":9,"minecraft:crossbow":5,"minecraft:granite":1,"minecraft:bone_meal":1,"minecraft:emerald":1,"minecraft:waxed_oxidized_cut_copper_slab":1,"vampirism:vampire_orchid":2,"minecraft:oak_sapling":6,"minecraft:coal":64},"minecraft:crafted":{"minecraft:wooden_sword":1,"minecraft:oak_planks":92,"mekanism:ingot_osmium":10,"minecraft:furnace":3,"minecraft:cooked_mutton":5,"minecraft:stone_pickaxe":1,"mekanismtools:osmium_boots":1,"minecraft:cooked_beef":12,"biomesoplenty:umbran_planks":32,"mekanismtools:osmium_sword":1,"mekanism:ingot_tin":7,"minecraft:cooked_porkchop":2,"minecraft:crafting_table":3,"minecraft:wooden_pickaxe":1,"minecraft:iron_helmet":1,"minecraft:iron_sword":1,"minecraft:cooked_salmon":25,"minecraft:birch_planks":28,"minecraft:iron_chestplate":1,"minecraft:stick":12,"minecraft:iron_ingot":19,"minecraft:iron_pickaxe":1,"minecraft:wooden_axe":1,"minecraft:stone_sword":1,"minecraft:iron_leggings":1,"minecraft:white_bed":1},"minecraft:custom":{"minecraft:mob_kills":75,"minecraft:interact_with_crafting_table":20,"minecraft:open_barrel":1,"minecraft:bell_ring":2,"minecraft:damage_dealt_resisted":272,"minecraft:leave_game":6,"minecraft:time_since_death":56280,"minecraft:climb_one_cm":2663,"minecraft:sprint_one_cm":384128,"minecraft:walk_one_cm":378974,"minecraft:drop":48,"minecraft:talked_to_villager":4,"minecraft:play_time":150331,"minecraft:deaths":1,"minecraft:sneak_time":4180,"minecraft:walk_under_water_one_cm":27736,"minecraft:jump":2207,"minecraft:interact_with_blast_furnace":3,"minecraft:walk_on_water_one_cm":32366,"minecraft:total_world_time":150331,"minecraft:interact_with_furnace":30,"minecraft:tune_noteblock":3,"minecraft:interact_with_loom":1,"minecraft:raid_trigger":1,"minecraft:sleep_in_bed":6,"minecraft:time_since_rest":3989,"minecraft:damage_taken":2893,"minecraft:damage_dealt":10897,"minecraft:swim_one_cm":69498,"minecraft:fly_one_cm":292536,"minecraft:player_kills":2,"minecraft:open_chest":17,"minecraft:crouch_one_cm":8348,"minecraft:fall_one_cm":59873},"minecraft:killed":{"vampirism:vampire":1,"minecraft:spider":1,"minecraft:vindicator":2,"minecraft:skeleton":5,"minecraft:chicken":1,"vampirism:villager_converted":1,"minecraft:pig":2,"minecraft:salmon":30,"shailushay:shailushay":1,"minecraft:sheep":3,"minecraft:pillager":15,"minecraft:zombie":2,"minecraft:cow":8},"minecraft:killed_by":{"minecraft:player":1},"minecraft:used":{"minecraft:stripped_acacia_wood":1,"minecraft:cooked_salmon":19,"minecraft:rotten_flesh":3,"minecraft:oxidized_cut_copper":17,"minecraft:dirt":9,"mekanismtools:osmium_sword":170,"minecraft:carrot":7,"minecraft:wooden_axe":14,"minecraft:dark_oak_planks":4,"minecraft:mud_bricks":4,"minecraft:furnace":5,"minecraft:goat_horn":4,"minecraft:oak_sapling":1,"minecraft:cooked_beef":10,"minecraft:potato":28,"minecraft:dark_prismarine_stairs":3,"minecraft:cooked_mutton":1,"minecraft:birch_planks":6,"minecraft:stone_pickaxe":44,"minecraft:oak_planks":45,"minecraft:waxed_oxidized_cut_copper":1,"minecraft:wooden_pickaxe":7,"minecraft:salmon":3,"minecraft:crafting_table":6,"minecraft:crossbow":1,"minecraft:white_bed":3,"minecraft:black_terracotta":10,"minecraft:dark_prismarine":9,"biomesoplenty:umbran_planks":32,"minecraft:iron_pickaxe":133,"minecraft:wooden_sword":3,"minecraft:cobblestone":16,"minecraft:white_banner":1,"minecraft:cooked_porkchop":2,"minecraft:andesite":5}},"DataVersion":3465}