{"stats":{"minecraft:dropped":{"minecraft:brown_mushroom":1,"minecraft:oak_sapling":5},"minecraft:used":{"minecraft:wooden_axe":12,"minecraft:stone_pickaxe":44,"minecraft:wooden_pickaxe":7,"minecraft:wooden_sword":3,"minecraft:crafting_table":2,"minecraft:furnace":1,"minecraft:oak_sapling":1,"minecraft:andesite":2},"minecraft:picked_up":{"minecraft:birch_log":7,"minecraft:stick":3,"minecraft:raw_iron":6,"minecraft:andesite":2,"minecraft:brown_mushroom":1,"minecraft:oak_log":12,"minecraft:oak_sapling":6,"minecraft:coal":28,"minecraft:cobblestone":15},"minecraft:killed":{"shailushay:shailushay":1},"minecraft:mined":{"minecraft:birch_log":7,"minecraft:iron_ore":6,"minecraft:andesite":2,"minecraft:oak_log":12,"minecraft:coal_ore":28,"minecraft:stone":15},"minecraft:custom":{"minecraft:time_since_rest":12622,"minecraft:interact_with_furnace":1,"minecraft:sprint_one_cm":22417,"minecraft:damage_taken":20,"minecraft:walk_one_cm":24322,"minecraft:mob_kills":1,"minecraft:drop":6,"minecraft:damage_dealt":100,"minecraft:interact_with_crafting_table":5,"minecraft:swim_one_cm":2453,"minecraft:fly_one_cm":17381,"minecraft:crouch_one_cm":1,"minecraft:play_time":12622,"minecraft:sneak_time":88,"minecraft:walk_under_water_one_cm":3328,"minecraft:jump":123,"minecraft:leave_game":1,"minecraft:time_since_death":12622,"minecraft:walk_on_water_one_cm":1191,"minecraft:total_world_time":12622,"minecraft:fall_one_cm":4072},"minecraft:crafted":{"minecraft:wooden_sword":1,"minecraft:oak_planks":48,"minecraft:crafting_table":2,"minecraft:stick":12,"minecraft:wooden_pickaxe":1,"minecraft:stone_pickaxe":1,"minecraft:wooden_axe":1,"minecraft:stone_sword":1,"minecraft:furnace":1,"minecraft:birch_planks":28}},"DataVersion":3465}