{"stats":{"minecraft:dropped":{"minecraft:brown_mushroom":1,"minecraft:wheat_seeds":1,"minecraft:leather":10,"minecraft:granite":1,"silentgear:sinew":6,"vampirism:amulet":3,"vampirism:vampire_fang":2,"biomesoplenty:umbran_sapling":1,"minecraft:andesite":1,"minecraft:oak_sapling":5,"mekanism:raw_lead":3,"minecraft:arrow":2,"minecraft:bone":4},"minecraft:mined":{"mekanism:osmium_ore":11,"vampirism:cursed_spruce_log":1,"minecraft:crafting_table":3,"minecraft:granite":1,"minecraft:grass_block":1,"mekanism:tin_ore":10,"vampirism:vampire_orchid":2,"minecraft:cobblestone":1,"minecraft:furnace":2,"minecraft:birch_log":7,"minecraft:iron_ore":19,"minecraft:andesite":5,"biomesoplenty:umbran_log":8,"minecraft:grass":1,"minecraft:oak_log":12,"minecraft:coal_ore":34,"mekanism:lead_ore":3,"minecraft:stone":23},"minecraft:picked_up":{"minecraft:birch_log":7,"minecraft:crafting_table":3,"mekanism:raw_lead":6,"minecraft:andesite":6,"minecraft:salmon":16,"minecraft:leather":10,"minecraft:brown_mushroom":1,"minecraft:oak_log":12,"minecraft:dirt":1,"silentgear:sinew":6,"minecraft:white_banner":1,"minecraft:iron_shovel":1,"bhc:red_heart":3,"minecraft:bone":6,"minecraft:wheat_seeds":1,"minecraft:beef":12,"biomesoplenty:umbran_log":8,"minecraft:furnace":2,"minecraft:stick":3,"minecraft:raw_iron":19,"minecraft:porkchop":2,"vampirism:vampire_fang":3,"vampirism:amulet":3,"mekanism:raw_osmium":10,"mekanism:raw_tin":7,"minecraft:arrow":2,"minecraft:rotten_flesh":3,"biomesoplenty:umbran_sapling":1,"minecraft:crossbow":4,"minecraft:granite":1,"minecraft:emerald":1,"vampirism:vampire_orchid":2,"minecraft:oak_sapling":6,"minecraft:mutton":5,"minecraft:coal":58,"minecraft:white_wool":3,"minecraft:cobblestone":25},"minecraft:crafted":{"minecraft:cooked_beef":12,"biomesoplenty:umbran_planks":32,"mekanismtools:osmium_sword":1,"minecraft:wooden_sword":1,"mekanism:ingot_tin":7,"minecraft:oak_planks":48,"minecraft:cooked_porkchop":2,"minecraft:crafting_table":2,"mekanism:ingot_osmium":10,"minecraft:wooden_pickaxe":1,"minecraft:iron_helmet":1,"minecraft:iron_sword":1,"minecraft:furnace":2,"minecraft:cooked_salmon":10,"minecraft:birch_planks":28,"minecraft:cooked_mutton":5,"minecraft:iron_chestplate":1,"minecraft:stick":12,"minecraft:iron_ingot":19,"minecraft:iron_pickaxe":1,"minecraft:stone_pickaxe":1,"minecraft:wooden_axe":1,"minecraft:stone_sword":1,"mekanismtools:osmium_boots":1,"minecraft:white_bed":1},"minecraft:killed":{"vampirism:vampire":1,"minecraft:pig":2,"minecraft:salmon":18,"minecraft:spider":1,"minecraft:vindicator":2,"shailushay:shailushay":1,"minecraft:sheep":3,"minecraft:skeleton":2,"minecraft:pillager":15,"minecraft:zombie":2,"minecraft:chicken":1,"vampirism:villager_converted":1,"minecraft:cow":7},"minecraft:custom":{"minecraft:interact_with_furnace":28,"minecraft:mob_kills":58,"minecraft:interact_with_crafting_table":15,"minecraft:interact_with_loom":1,"minecraft:raid_trigger":1,"minecraft:bell_ring":2,"minecraft:damage_dealt_resisted":272,"minecraft:leave_game":5,"minecraft:time_since_death":8857,"minecraft:sleep_in_bed":2,"minecraft:climb_one_cm":871,"minecraft:time_since_rest":8893,"minecraft:sprint_one_cm":290917,"minecraft:damage_taken":2019,"minecraft:walk_one_cm":251254,"minecraft:drop":31,"minecraft:damage_dealt":9756,"minecraft:player_kills":2,"minecraft:talked_to_villager":4,"minecraft:swim_one_cm":47692,"minecraft:fly_one_cm":233844,"minecraft:open_chest":10,"minecraft:deaths":1,"minecraft:crouch_one_cm":4109,"minecraft:play_time":102908,"minecraft:sneak_time":1524,"minecraft:walk_under_water_one_cm":19944,"minecraft:jump":1500,"minecraft:interact_with_blast_furnace":3,"minecraft:walk_on_water_one_cm":18487,"minecraft:total_world_time":102908,"minecraft:fall_one_cm":36674},"minecraft:killed_by":{"minecraft:player":1},"minecraft:used":{"minecraft:cooked_mutton":1,"minecraft:birch_planks":6,"minecraft:stone_pickaxe":44,"minecraft:wooden_pickaxe":7,"minecraft:cooked_salmon":10,"minecraft:rotten_flesh":3,"minecraft:salmon":3,"minecraft:dirt":1,"minecraft:crafting_table":4,"mekanismtools:osmium_sword":144,"minecraft:carrot":7,"minecraft:crossbow":1,"minecraft:white_bed":1,"minecraft:wooden_axe":14,"biomesoplenty:umbran_planks":3,"minecraft:iron_pickaxe":59,"minecraft:wooden_sword":3,"minecraft:cobblestone":4,"minecraft:goat_horn":4,"minecraft:furnace":4,"minecraft:oak_sapling":1,"minecraft:white_banner":1,"minecraft:cooked_porkchop":2,"minecraft:andesite":5,"minecraft:cooked_beef":7,"minecraft:potato":28}},"DataVersion":3465}