{
  "mcwfencesbop:recipes/flowering_oak_hedge": {
    "criteria": {
      "has_birch": "2024-10-07 21:33:30 +0000"
    },
    "done": true
  },
  "toms_storage:unlock_glowstone": {
    "criteria": {
      "inv_changed-glowstone": "2024-10-07 21:33:30 +0000"
    },
    "done": true
  },
  "mcwfencesbop:recipes/origin_hedge": {
    "criteria": {
      "has_birch": "2024-10-07 21:33:30 +0000"
    },
    "done": true
  },
  "mcwfencesbop:recipes/maple_hedge": {
    "criteria": {
      "has_birch": "2024-10-07 21:33:30 +0000"
    },
    "done": true
  },
  "mcwfences:recipes/dark_oak": {
    "criteria": {
      "has_dark_oak": "2024-10-07 21:33:30 +0000"
    },
    "done": true
  },
  "mcwfences:recipes/crimson": {
    "criteria": {
      "has_crimson": "2024-10-07 21:33:30 +0000"
    },
    "done": true
  },
  "mcwfences:recipes/prismarine": {
    "criteria": {
      "has_qq": "2024-10-07 21:33:30 +0000"
    },
    "done": true
  },
  "mcwfences:recipes/quartz": {
    "criteria": {
      "has_qq": "2024-10-07 21:33:30 +0000"
    },
    "done": true
  },
  "minecraft:recipes/decorations/crafting_table": {
    "criteria": {
      "unlock_right_away": "2024-10-07 21:33:30 +0000"
    },
    "done": true
  },
  "mcwfences:recipes/jungle": {
    "criteria": {
      "has_jungle": "2024-10-07 21:33:30 +0000"
    },
    "done": true
  },
  "mekanism:root": {
    "criteria": {
      "automatic": "2024-10-07 21:33:29 +0000"
    },
    "done": true
  },
  "mcwfencesbop:recipes/willow": {
    "criteria": {
      "has_acacia": "2024-10-07 21:33:30 +0000"
    },
    "done": true
  },
  "toms_storage:unlock_netherite": {
    "criteria": {
      "inv_changed-netherite": "2024-10-07 21:33:30 +0000"
    },
    "done": true
  },
  "mcwfences:recipes/mangrove": {
    "criteria": {
      "has_mangrove": "2024-10-07 21:33:30 +0000"
    },
    "done": true
  },
  "mcwfences:recipes/warped": {
    "criteria": {
      "has_warped": "2024-10-07 21:33:30 +0000"
    },
    "done": true
  },
  "mcwfencesbop:recipes/mahogany": {
    "criteria": {
      "has_acacia": "2024-10-07 21:33:30 +0000"
    },
    "done": true
  },
  "mcwfences:recipes/nether": {
    "criteria": {
      "has_nether_brick": "2024-10-07 21:33:30 +0000"
    },
    "done": true
  },
  "toms_storage:unlock_chest": {
    "criteria": {
      "inv_changed-chest": "2024-10-07 21:33:30 +0000"
    },
    "done": true
  },
  "mcwfencesbop:recipes/dead": {
    "criteria": {
      "has_acacia": "2024-10-07 21:33:30 +0000"
    },
    "done": true
  },
  "mcwfencesbop:recipes/redwood": {
    "criteria": {
      "has_acacia": "2024-10-07 21:33:30 +0000"
    },
    "done": true
  },
  "vampirism:recipes/decorations/general/fire_place": {
    "criteria": {
      "has_logs": "2024-10-07 21:36:12 +0000"
    },
    "done": true
  },
  "mcwfences:recipes/bamboo": {
    "criteria": {
      "has_bamboo": "2024-10-07 21:33:30 +0000"
    },
    "done": true
  },
  "dungeons_arise:wda_root": {
    "criteria": {
      "WDA": "2024-10-07 21:33:30 +0000"
    },
    "done": true
  },
  "mcwfencesbop:recipes/orange_autumn_hedge": {
    "criteria": {
      "has_birch": "2024-10-07 21:33:30 +0000"
    },
    "done": true
  },
  "mcwfences:recipes/spruce": {
    "criteria": {
      "has_spruce": "2024-10-07 21:33:30 +0000"
    },
    "done": true
  },
  "mcwfencesbop:recipes/magic": {
    "criteria": {
      "has_acacia": "2024-10-07 21:33:30 +0000"
    },
    "done": true
  },
  "minecraft:recipes/misc/charcoal": {
    "criteria": {
      "has_log": "2024-10-07 21:36:12 +0000"
    },
    "done": true
  },
  "1_splatus:spellbound/unlocked/blowgun": {
    "criteria": {
      "blowgun": "2024-10-07 21:34:20 +0000"
    },
    "done": true
  },
  "biomesoplenty:biomesoplenty/root": {
    "criteria": {
      "shrubland": "2024-10-07 21:34:05 +0000"
    },
    "done": true
  },
  "mcwfencesbop:recipes/rainbow_birch_hedge": {
    "criteria": {
      "has_birch": "2024-10-07 21:33:30 +0000"
    },
    "done": true
  },
  "mcwfencesbop:recipes/hellbark": {
    "criteria": {
      "has_acacia": "2024-10-07 21:33:30 +0000"
    },
    "done": true
  },
  "biomesoplenty:recipes/building_blocks/fir_wood": {
    "criteria": {
      "has_log": "2024-10-07 21:36:12 +0000"
    },
    "done": true
  },
  "mcwfencesbop:recipes/palm_hedge": {
    "criteria": {
      "has_birch": "2024-10-07 21:33:30 +0000"
    },
    "done": true
  },
  "mcwfencesbop:recipes/jacaranda": {
    "criteria": {
      "has_acacia": "2024-10-07 21:33:30 +0000"
    },
    "done": true
  },
  "biomesoplenty:recipes/building_blocks/fir_planks": {
    "criteria": {
      "has_logs": "2024-10-07 21:36:12 +0000"
    },
    "done": true
  },
  "securitycraft:recipes/misc/sc_manual": {
    "criteria": {
      "has_wood": "2024-10-07 21:36:12 +0000"
    },
    "done": true
  },
  "mcwfencesbop:recipes/mahogany_hedge": {
    "criteria": {
      "has_birch": "2024-10-07 21:33:30 +0000"
    },
    "done": true
  },
  "mcwfences:recipes/birch": {
    "criteria": {
      "has_birch": "2024-10-07 21:33:30 +0000"
    },
    "done": true
  },
  "mcwfences:recipes/stone": {
    "criteria": {
      "has_stone": "2024-10-07 21:33:30 +0000"
    },
    "done": true
  },
  "mcwfences:recipes/end": {
    "criteria": {
      "has_end_brick": "2024-10-07 21:33:30 +0000"
    },
    "done": true
  },
  "mcwfencesbop:recipes/hellbark_hedge": {
    "criteria": {
      "has_birch": "2024-10-07 21:33:30 +0000"
    },
    "done": true
  },
  "mcwfencesbop:recipes/jacaranda_hedge": {
    "criteria": {
      "has_birch": "2024-10-07 21:33:30 +0000"
    },
    "done": true
  },
  "mcwfencesbop:recipes/umbran_hedge": {
    "criteria": {
      "has_birch": "2024-10-07 21:33:30 +0000"
    },
    "done": true
  },
  "mcwfences:recipes/sandstone": {
    "criteria": {
      "has_sand": "2024-10-07 21:33:30 +0000"
    },
    "done": true
  },
  "mcwfences:recipes/acacia": {
    "criteria": {
      "has_acacia": "2024-10-07 21:33:30 +0000"
    },
    "done": true
  },
  "mcwfencesbop:recipes/dead_hedge": {
    "criteria": {
      "has_birch": "2024-10-07 21:33:30 +0000"
    },
    "done": true
  },
  "mcwfencesbop:recipes/snowblossom_hedge": {
    "criteria": {
      "has_birch": "2024-10-07 21:33:30 +0000"
    },
    "done": true
  },
  "mcwfences:recipes/oak": {
    "criteria": {
      "has_oak": "2024-10-07 21:33:30 +0000"
    },
    "done": true
  },
  "mcwfencesbop:recipes/willow_hedge": {
    "criteria": {
      "has_birch": "2024-10-07 21:33:30 +0000"
    },
    "done": true
  },
  "biomesoplenty:biomesoplenty/all_biomes": {
    "criteria": {
      "shrubland": "2024-10-07 21:34:05 +0000",
      "coniferous_forest": "2024-10-07 21:34:20 +0000"
    },
    "done": false
  },
  "corail_dt:tutorial/root": {
    "criteria": {
      "auto": "2024-10-07 21:33:31 +0000"
    },
    "done": true
  },
  "mcwfences:recipes/mud_brick": {
    "criteria": {
      "has_qq": "2024-10-07 21:33:30 +0000"
    },
    "done": true
  },
  "minecraft:recipes/misc/bone_meal": {
    "criteria": {
      "has_bone": "2024-10-07 21:34:20 +0000"
    },
    "done": true
  },
  "vampirism:recipes/combat/hunter/crossbow_arrow_from_vanilla": {
    "criteria": {
      "has_arrow": "2024-10-07 21:34:20 +0000"
    },
    "done": true
  },
  "mcwfences:recipes/blackstone": {
    "criteria": {
      "has_blackstone": "2024-10-07 21:33:30 +0000"
    },
    "done": true
  },
  "mcwfences:recipes/hedge": {
    "criteria": {
      "has_birch": "2024-10-07 21:33:30 +0000"
    },
    "done": true
  },
  "corail_dt:recipes/essence": {
    "criteria": {
      "requirement_1": "2024-10-07 21:33:30 +0000"
    },
    "done": true
  },
  "cataclysm:root": {
    "criteria": {
      "custom_test_name": "2024-10-07 21:33:30 +0000"
    },
    "done": true
  },
  "mcwfencesbop:recipes/fir_hedge": {
    "criteria": {
      "has_birch": "2024-10-07 21:33:30 +0000"
    },
    "done": true
  },
  "mcwfencesbop:recipes/fir": {
    "criteria": {
      "has_acacia": "2024-10-07 21:33:30 +0000"
    },
    "done": true
  },
  "mcwfences:recipes/deepslate": {
    "criteria": {
      "has_deepslate": "2024-10-07 21:33:30 +0000"
    },
    "done": true
  },
  "mcwfencesbop:recipes/yellow_autumn_hedge": {
    "criteria": {
      "has_birch": "2024-10-07 21:33:30 +0000"
    },
    "done": true
  },
  "farmersdelight:main/root": {
    "criteria": {
      "seeds": "2024-10-07 21:33:30 +0000"
    },
    "done": true
  },
  "farmersdelight:recipes/cooking/bone_broth": {
    "criteria": {
      "has_bone": "2024-10-07 21:34:20 +0000"
    },
    "done": true
  },
  "toms_storage:unlock_dia_pearl": {
    "criteria": {
      "inv_changed-ender_pearl": "2024-10-07 21:33:30 +0000",
      "inv_changed-diamond": "2024-10-07 21:33:30 +0000"
    },
    "done": true
  },
  "ironfurnaces:coal": {
    "criteria": {
      "rainbowcoal": "2024-10-07 21:33:30 +0000"
    },
    "done": true
  },
  "mcwfencesbop:recipes/umbran": {
    "criteria": {
      "has_acacia": "2024-10-07 21:33:30 +0000"
    },
    "done": true
  },
  "minecraft:adventure/adventuring_time": {
    "criteria": {
      "minecraft:beach": "2024-10-07 21:33:31 +0000"
    },
    "done": false
  },
  "mcwfencesbop:recipes/magic_hedge": {
    "criteria": {
      "has_birch": "2024-10-07 21:33:30 +0000"
    },
    "done": true
  },
  "mcwfencesbop:recipes/palm": {
    "criteria": {
      "has_acacia": "2024-10-07 21:33:30 +0000"
    },
    "done": true
  },
  "mcwfencesbop:recipes/redwood_hedge": {
    "criteria": {
      "has_birch": "2024-10-07 21:33:30 +0000"
    },
    "done": true
  },
  "DataVersion": 3465
}