{
	"level_seeds": [
		{
			"dim": "minecraft:the_nether",
			"seed": 4657743847191195708
		},
		{
			"dim": "minecraft:overworld",
			"seed": 4657743847191195708
		},
		{
			"dim": "aether:the_aether",
			"seed": 4657743847191195708
		},
		{
			"dim": "minecraft:the_end",
			"seed": 4657743847191195708
		}
	],
	"structure_seeds": [
		{
			"dim": "minecraft:the_nether",
			"seed": 4657743847191195708
		},
		{
			"dim": "minecraft:overworld",
			"seed": 4657743847191195708
		},
		{
			"dim": "aether:the_aether",
			"seed": 4657743847191195708
		},
		{
			"dim": "minecraft:the_end",
			"seed": 4657743847191195708
		}
	]
}